2026-01-28 17:13:08,484 - INFO - [START] 카테고리 최적화 시작: 2026-01-28 17:13:08.484426
2026-01-28 17:13:08,484 - INFO - [FETCH] 채널 목록 조회 중...
2026-01-28 17:13:08,556 - INFO - [SUCCESS] 총 68개 채널 발견
2026-01-28 17:13:08,556 - INFO - 
================================================================================
2026-01-28 17:13:08,556 - INFO - 채널 처리 중 [1/68]: channel_id=49
2026-01-28 17:13:08,556 - INFO - ================================================================================
2026-01-28 17:13:08,638 - INFO - [SUCCESS] 채널 49 처리 완료: {'status': 'skip', 'reason': 'No data'}
2026-01-28 17:13:08,650 - INFO - 
================================================================================
2026-01-28 17:13:08,650 - INFO - 채널 처리 중 [2/68]: channel_id=16
2026-01-28 17:13:08,650 - INFO - ================================================================================
2026-01-28 17:13:08,721 - INFO - [SUCCESS] 채널 16 처리 완료: {'status': 'skip', 'reason': 'No data'}
2026-01-28 17:13:08,721 - INFO - 
================================================================================
2026-01-28 17:13:08,721 - INFO - 채널 처리 중 [3/68]: channel_id=17
2026-01-28 17:13:08,721 - INFO - ================================================================================
2026-01-28 17:13:08,800 - INFO - [SUCCESS] 채널 17 처리 완료: {'status': 'skip', 'reason': 'No data'}
2026-01-28 17:13:08,800 - INFO - 
================================================================================
2026-01-28 17:13:08,800 - INFO - 채널 처리 중 [4/68]: channel_id=50
2026-01-28 17:13:08,800 - INFO - ================================================================================
2026-01-28 17:13:08,887 - INFO - [SUCCESS] 채널 50 처리 완료: {'status': 'skip', 'reason': 'No data'}
2026-01-28 17:13:08,889 - INFO - 
================================================================================
2026-01-28 17:13:08,889 - INFO - 채널 처리 중 [5/68]: channel_id=51
2026-01-28 17:13:08,889 - INFO - ================================================================================
2026-01-28 17:13:08,961 - INFO - [SUCCESS] 채널 51 처리 완료: {'status': 'skip', 'reason': 'No data'}
2026-01-28 17:13:08,961 - INFO - 
================================================================================
2026-01-28 17:13:08,961 - INFO - 채널 처리 중 [6/68]: channel_id=18
2026-01-28 17:13:08,961 - INFO - ================================================================================
2026-01-28 17:13:09,047 - INFO - [SUCCESS] 채널 18 처리 완료: {'status': 'skip', 'reason': 'No data'}
2026-01-28 17:13:09,047 - INFO - 
================================================================================
2026-01-28 17:13:09,047 - INFO - 채널 처리 중 [7/68]: channel_id=20
2026-01-28 17:13:09,047 - INFO - ================================================================================
2026-01-28 17:13:09,122 - INFO - [SUCCESS] 채널 20 처리 완료: {'status': 'skip', 'reason': 'No data'}
2026-01-28 17:13:09,122 - INFO - 
================================================================================
2026-01-28 17:13:09,122 - INFO - 채널 처리 중 [8/68]: channel_id=15
2026-01-28 17:13:09,122 - INFO - ================================================================================
2026-01-28 17:13:09,200 - INFO - [SUCCESS] 채널 15 처리 완료: {'status': 'skip', 'reason': 'No data'}
2026-01-28 17:13:09,201 - INFO - 
================================================================================
2026-01-28 17:13:09,201 - INFO - 채널 처리 중 [9/68]: channel_id=24
2026-01-28 17:13:09,201 - INFO - ================================================================================
2026-01-28 17:13:09,285 - INFO - [SUCCESS] 채널 24 처리 완료: {'status': 'skip', 'reason': 'No data'}
2026-01-28 17:13:09,285 - INFO - 
================================================================================
2026-01-28 17:13:09,285 - INFO - 채널 처리 중 [10/68]: channel_id=3
2026-01-28 17:13:09,285 - INFO - ================================================================================
2026-01-28 17:13:09,384 - INFO - [SUCCESS] 채널 3 처리 완료: {'status': 'skip', 'reason': 'No data'}
2026-01-28 17:13:09,384 - INFO - 
================================================================================
2026-01-28 17:13:09,384 - INFO - 채널 처리 중 [11/68]: channel_id=43
2026-01-28 17:13:09,384 - INFO - ================================================================================
2026-01-28 17:13:09,461 - INFO - [SUCCESS] 채널 43 처리 완료: {'status': 'skip', 'reason': 'No data'}
2026-01-28 17:13:09,461 - INFO - 
================================================================================
2026-01-28 17:13:09,461 - INFO - 채널 처리 중 [12/68]: channel_id=52
2026-01-28 17:13:09,461 - INFO - ================================================================================
2026-01-28 17:13:09,544 - INFO - [SUCCESS] 채널 52 처리 완료: {'status': 'skip', 'reason': 'No data'}
2026-01-28 17:13:09,544 - INFO - 
================================================================================
2026-01-28 17:13:09,544 - INFO - 채널 처리 중 [13/68]: channel_id=67
2026-01-28 17:13:09,544 - INFO - ================================================================================
2026-01-28 17:13:09,622 - INFO - [SUCCESS] 채널 67 처리 완료: {'status': 'skip', 'reason': 'No data'}
2026-01-28 17:13:09,622 - INFO - 
================================================================================
2026-01-28 17:13:09,622 - INFO - 채널 처리 중 [14/68]: channel_id=53
2026-01-28 17:13:09,623 - INFO - ================================================================================
2026-01-28 17:13:09,703 - INFO - [SUCCESS] 채널 53 처리 완료: {'status': 'skip', 'reason': 'No data'}
2026-01-28 17:13:09,703 - INFO - 
================================================================================
2026-01-28 17:13:09,703 - INFO - 채널 처리 중 [15/68]: channel_id=44
2026-01-28 17:13:09,703 - INFO - ================================================================================
2026-01-28 17:13:09,778 - INFO - [SUCCESS] 채널 44 처리 완료: {'status': 'skip', 'reason': 'No data'}
2026-01-28 17:13:09,779 - INFO - 
================================================================================
2026-01-28 17:13:09,779 - INFO - 채널 처리 중 [16/68]: channel_id=13
2026-01-28 17:13:09,779 - INFO - ================================================================================
2026-01-28 17:13:09,857 - INFO - [SUCCESS] 채널 13 처리 완료: {'status': 'skip', 'reason': 'No data'}
2026-01-28 17:13:09,858 - INFO - 
================================================================================
2026-01-28 17:13:09,858 - INFO - 채널 처리 중 [17/68]: channel_id=2
2026-01-28 17:13:09,858 - INFO - ================================================================================
2026-01-28 17:13:09,938 - INFO - [SUCCESS] 채널 2 처리 완료: {'status': 'skip', 'reason': 'No data'}
2026-01-28 17:13:09,938 - INFO - 
================================================================================
2026-01-28 17:13:09,938 - INFO - 채널 처리 중 [18/68]: channel_id=4
2026-01-28 17:13:09,939 - INFO - ================================================================================
2026-01-28 17:13:10,010 - INFO - [SUCCESS] 채널 4 처리 완료: {'status': 'skip', 'reason': 'No data'}
2026-01-28 17:13:10,010 - INFO - 
================================================================================
2026-01-28 17:13:10,010 - INFO - 채널 처리 중 [19/68]: channel_id=6
2026-01-28 17:13:10,011 - INFO - ================================================================================
2026-01-28 17:13:10,091 - INFO - [SUCCESS] 채널 6 처리 완료: {'status': 'skip', 'reason': 'No data'}
2026-01-28 17:13:10,091 - INFO - 
================================================================================
2026-01-28 17:13:10,091 - INFO - 채널 처리 중 [20/68]: channel_id=9
2026-01-28 17:13:10,091 - INFO - ================================================================================
2026-01-28 17:13:10,173 - INFO - [SUCCESS] 채널 9 처리 완료: {'status': 'skip', 'reason': 'No data'}
2026-01-28 17:13:10,174 - INFO - 
================================================================================
2026-01-28 17:13:10,174 - INFO - 채널 처리 중 [21/68]: channel_id=10
2026-01-28 17:13:10,174 - INFO - ================================================================================
2026-01-28 17:13:10,248 - INFO - [SUCCESS] 채널 10 처리 완료: {'status': 'skip', 'reason': 'No data'}
2026-01-28 17:13:10,248 - INFO - 
================================================================================
2026-01-28 17:13:10,248 - INFO - 채널 처리 중 [22/68]: channel_id=11
2026-01-28 17:13:10,248 - INFO - ================================================================================
2026-01-28 17:13:10,325 - INFO - [SUCCESS] 채널 11 처리 완료: {'status': 'skip', 'reason': 'No data'}
2026-01-28 17:13:10,327 - INFO - 
================================================================================
2026-01-28 17:13:10,327 - INFO - 채널 처리 중 [23/68]: channel_id=1
2026-01-28 17:13:10,327 - INFO - ================================================================================
2026-01-28 17:13:10,552 - INFO - [SKIP] 채널 1 (조건 미충족)
2026-01-28 17:13:10,552 - INFO - [SUCCESS] 채널 1 처리 완료: {'status': 'skip', 'reason': 'Conditions not met'}
2026-01-28 17:13:10,552 - INFO - 
================================================================================
2026-01-28 17:13:10,552 - INFO - 채널 처리 중 [24/68]: channel_id=5
2026-01-28 17:13:10,552 - INFO - ================================================================================
2026-01-28 17:13:10,628 - INFO - [SUCCESS] 채널 5 처리 완료: {'status': 'skip', 'reason': 'No data'}
2026-01-28 17:13:10,628 - INFO - 
================================================================================
2026-01-28 17:13:10,628 - INFO - 채널 처리 중 [25/68]: channel_id=54
2026-01-28 17:13:10,628 - INFO - ================================================================================
2026-01-28 17:13:10,703 - INFO - [SUCCESS] 채널 54 처리 완료: {'status': 'skip', 'reason': 'No data'}
2026-01-28 17:13:10,703 - INFO - 
================================================================================
2026-01-28 17:13:10,703 - INFO - 채널 처리 중 [26/68]: channel_id=7
2026-01-28 17:13:10,703 - INFO - ================================================================================
2026-01-28 17:13:10,780 - INFO - [SUCCESS] 채널 7 처리 완료: {'status': 'skip', 'reason': 'No data'}
2026-01-28 17:13:10,787 - INFO - 
================================================================================
2026-01-28 17:13:10,787 - INFO - 채널 처리 중 [27/68]: channel_id=22
2026-01-28 17:13:10,787 - INFO - ================================================================================
2026-01-28 17:13:10,860 - INFO - [SUCCESS] 채널 22 처리 완료: {'status': 'skip', 'reason': 'No data'}
2026-01-28 17:13:10,862 - INFO - 
================================================================================
2026-01-28 17:13:10,862 - INFO - 채널 처리 중 [28/68]: channel_id=8
2026-01-28 17:13:10,862 - INFO - ================================================================================
2026-01-28 17:13:10,932 - INFO - [SUCCESS] 채널 8 처리 완료: {'status': 'skip', 'reason': 'No data'}
2026-01-28 17:13:10,932 - INFO - 
================================================================================
2026-01-28 17:13:10,932 - INFO - 채널 처리 중 [29/68]: channel_id=55
2026-01-28 17:13:10,932 - INFO - ================================================================================
2026-01-28 17:13:11,012 - INFO - [SUCCESS] 채널 55 처리 완료: {'status': 'skip', 'reason': 'No data'}
2026-01-28 17:13:11,012 - INFO - 
================================================================================
2026-01-28 17:13:11,012 - INFO - 채널 처리 중 [30/68]: channel_id=45
2026-01-28 17:13:11,012 - INFO - ================================================================================
2026-01-28 17:13:11,086 - INFO - [SUCCESS] 채널 45 처리 완료: {'status': 'skip', 'reason': 'No data'}
2026-01-28 17:13:11,087 - INFO - 
================================================================================
2026-01-28 17:13:11,087 - INFO - 채널 처리 중 [31/68]: channel_id=23
2026-01-28 17:13:11,087 - INFO - ================================================================================
2026-01-28 17:13:11,169 - INFO - [SUCCESS] 채널 23 처리 완료: {'status': 'skip', 'reason': 'No data'}
2026-01-28 17:13:11,169 - INFO - 
================================================================================
2026-01-28 17:13:11,169 - INFO - 채널 처리 중 [32/68]: channel_id=26
2026-01-28 17:13:11,169 - INFO - ================================================================================
2026-01-28 17:13:11,252 - INFO - [SUCCESS] 채널 26 처리 완료: {'status': 'skip', 'reason': 'No data'}
2026-01-28 17:13:11,252 - INFO - 
================================================================================
2026-01-28 17:13:11,252 - INFO - 채널 처리 중 [33/68]: channel_id=56
2026-01-28 17:13:11,252 - INFO - ================================================================================
2026-01-28 17:13:11,329 - INFO - [SUCCESS] 채널 56 처리 완료: {'status': 'skip', 'reason': 'No data'}
2026-01-28 17:13:11,331 - INFO - 
================================================================================
2026-01-28 17:13:11,331 - INFO - 채널 처리 중 [34/68]: channel_id=28
2026-01-28 17:13:11,331 - INFO - ================================================================================
2026-01-28 17:13:11,406 - INFO - [SUCCESS] 채널 28 처리 완료: {'status': 'skip', 'reason': 'No data'}
2026-01-28 17:13:11,406 - INFO - 
================================================================================
2026-01-28 17:13:11,406 - INFO - 채널 처리 중 [35/68]: channel_id=46
2026-01-28 17:13:11,406 - INFO - ================================================================================
2026-01-28 17:13:11,480 - INFO - [SUCCESS] 채널 46 처리 완료: {'status': 'skip', 'reason': 'No data'}
2026-01-28 17:13:11,480 - INFO - 
================================================================================
2026-01-28 17:13:11,480 - INFO - 채널 처리 중 [36/68]: channel_id=47
2026-01-28 17:13:11,480 - INFO - ================================================================================
2026-01-28 17:13:11,564 - INFO - [SUCCESS] 채널 47 처리 완료: {'status': 'skip', 'reason': 'No data'}
2026-01-28 17:13:11,564 - INFO - 
================================================================================
2026-01-28 17:13:11,564 - INFO - 채널 처리 중 [37/68]: channel_id=12
2026-01-28 17:13:11,564 - INFO - ================================================================================
2026-01-28 17:13:11,643 - INFO - [SUCCESS] 채널 12 처리 완료: {'status': 'skip', 'reason': 'No data'}
2026-01-28 17:13:11,643 - INFO - 
================================================================================
2026-01-28 17:13:11,643 - INFO - 채널 처리 중 [38/68]: channel_id=48
2026-01-28 17:13:11,643 - INFO - ================================================================================
2026-01-28 17:13:11,722 - INFO - [SUCCESS] 채널 48 처리 완료: {'status': 'skip', 'reason': 'No data'}
2026-01-28 17:13:11,722 - INFO - 
================================================================================
2026-01-28 17:13:11,722 - INFO - 채널 처리 중 [39/68]: channel_id=14
2026-01-28 17:13:11,722 - INFO - ================================================================================
2026-01-28 17:13:11,797 - INFO - [SUCCESS] 채널 14 처리 완료: {'status': 'skip', 'reason': 'No data'}
2026-01-28 17:13:11,797 - INFO - 
================================================================================
2026-01-28 17:13:11,797 - INFO - 채널 처리 중 [40/68]: channel_id=68
2026-01-28 17:13:11,797 - INFO - ================================================================================
2026-01-28 17:13:11,870 - INFO - [SUCCESS] 채널 68 처리 완료: {'status': 'skip', 'reason': 'No data'}
2026-01-28 17:13:11,870 - INFO - 
================================================================================
2026-01-28 17:13:11,870 - INFO - 채널 처리 중 [41/68]: channel_id=33
2026-01-28 17:13:11,870 - INFO - ================================================================================
2026-01-28 17:13:11,950 - INFO - [SUCCESS] 채널 33 처리 완료: {'status': 'skip', 'reason': 'No data'}
2026-01-28 17:13:11,952 - INFO - 
================================================================================
2026-01-28 17:13:11,952 - INFO - 채널 처리 중 [42/68]: channel_id=57
2026-01-28 17:13:11,953 - INFO - ================================================================================
2026-01-28 17:13:12,032 - INFO - [SUCCESS] 채널 57 처리 완료: {'status': 'skip', 'reason': 'No data'}
2026-01-28 17:13:12,032 - INFO - 
================================================================================
2026-01-28 17:13:12,032 - INFO - 채널 처리 중 [43/68]: channel_id=41
2026-01-28 17:13:12,032 - INFO - ================================================================================
2026-01-28 17:13:12,116 - INFO - [SUCCESS] 채널 41 처리 완료: {'status': 'skip', 'reason': 'No data'}
2026-01-28 17:13:12,116 - INFO - 
================================================================================
2026-01-28 17:13:12,116 - INFO - 채널 처리 중 [44/68]: channel_id=34
2026-01-28 17:13:12,119 - INFO - ================================================================================
2026-01-28 17:13:12,192 - INFO - [SUCCESS] 채널 34 처리 완료: {'status': 'skip', 'reason': 'No data'}
2026-01-28 17:13:12,192 - INFO - 
================================================================================
2026-01-28 17:13:12,192 - INFO - 채널 처리 중 [45/68]: channel_id=35
2026-01-28 17:13:12,192 - INFO - ================================================================================
2026-01-28 17:13:12,267 - INFO - [SUCCESS] 채널 35 처리 완료: {'status': 'skip', 'reason': 'No data'}
2026-01-28 17:13:12,267 - INFO - 
================================================================================
2026-01-28 17:13:12,274 - INFO - 채널 처리 중 [46/68]: channel_id=36
2026-01-28 17:13:12,274 - INFO - ================================================================================
2026-01-28 17:13:12,346 - INFO - [SUCCESS] 채널 36 처리 완료: {'status': 'skip', 'reason': 'No data'}
2026-01-28 17:13:12,346 - INFO - 
================================================================================
2026-01-28 17:13:12,346 - INFO - 채널 처리 중 [47/68]: channel_id=58
2026-01-28 17:13:12,346 - INFO - ================================================================================
2026-01-28 17:13:12,430 - INFO - [SUCCESS] 채널 58 처리 완료: {'status': 'skip', 'reason': 'No data'}
2026-01-28 17:13:12,430 - INFO - 
================================================================================
2026-01-28 17:13:12,430 - INFO - 채널 처리 중 [48/68]: channel_id=42
2026-01-28 17:13:12,430 - INFO - ================================================================================
2026-01-28 17:13:12,509 - INFO - [SUCCESS] 채널 42 처리 완료: {'status': 'skip', 'reason': 'No data'}
2026-01-28 17:13:12,509 - INFO - 
================================================================================
2026-01-28 17:13:12,509 - INFO - 채널 처리 중 [49/68]: channel_id=37
2026-01-28 17:13:12,509 - INFO - ================================================================================
2026-01-28 17:13:12,586 - INFO - [SUCCESS] 채널 37 처리 완료: {'status': 'skip', 'reason': 'No data'}
2026-01-28 17:13:12,586 - INFO - 
================================================================================
2026-01-28 17:13:12,586 - INFO - 채널 처리 중 [50/68]: channel_id=38
2026-01-28 17:13:12,596 - INFO - ================================================================================
2026-01-28 17:13:12,677 - INFO - [SUCCESS] 채널 38 처리 완료: {'status': 'skip', 'reason': 'No data'}
2026-01-28 17:13:12,677 - INFO - 
================================================================================
2026-01-28 17:13:12,677 - INFO - 채널 처리 중 [51/68]: channel_id=59
2026-01-28 17:13:12,677 - INFO - ================================================================================
2026-01-28 17:13:12,768 - INFO - [SUCCESS] 채널 59 처리 완료: {'status': 'skip', 'reason': 'No data'}
2026-01-28 17:13:12,768 - INFO - 
================================================================================
2026-01-28 17:13:12,768 - INFO - 채널 처리 중 [52/68]: channel_id=60
2026-01-28 17:13:12,768 - INFO - ================================================================================
2026-01-28 17:13:12,852 - INFO - [SUCCESS] 채널 60 처리 완료: {'status': 'skip', 'reason': 'No data'}
2026-01-28 17:13:12,852 - INFO - 
================================================================================
2026-01-28 17:13:12,852 - INFO - 채널 처리 중 [53/68]: channel_id=61
2026-01-28 17:13:12,852 - INFO - ================================================================================
2026-01-28 17:13:12,928 - INFO - [SUCCESS] 채널 61 처리 완료: {'status': 'skip', 'reason': 'No data'}
2026-01-28 17:13:12,928 - INFO - 
================================================================================
2026-01-28 17:13:12,928 - INFO - 채널 처리 중 [54/68]: channel_id=39
2026-01-28 17:13:12,928 - INFO - ================================================================================
2026-01-28 17:13:13,016 - INFO - [SUCCESS] 채널 39 처리 완료: {'status': 'skip', 'reason': 'No data'}
2026-01-28 17:13:13,020 - INFO - 
================================================================================
2026-01-28 17:13:13,020 - INFO - 채널 처리 중 [55/68]: channel_id=62
2026-01-28 17:13:13,020 - INFO - ================================================================================
2026-01-28 17:13:13,101 - INFO - [SUCCESS] 채널 62 처리 완료: {'status': 'skip', 'reason': 'No data'}
2026-01-28 17:13:13,101 - INFO - 
================================================================================
2026-01-28 17:13:13,103 - INFO - 채널 처리 중 [56/68]: channel_id=63
2026-01-28 17:13:13,103 - INFO - ================================================================================
2026-01-28 17:13:13,190 - INFO - [SUCCESS] 채널 63 처리 완료: {'status': 'skip', 'reason': 'No data'}
2026-01-28 17:13:13,191 - INFO - 
================================================================================
2026-01-28 17:13:13,191 - INFO - 채널 처리 중 [57/68]: channel_id=64
2026-01-28 17:13:13,191 - INFO - ================================================================================
2026-01-28 17:13:13,272 - INFO - [SUCCESS] 채널 64 처리 완료: {'status': 'skip', 'reason': 'No data'}
2026-01-28 17:13:13,272 - INFO - 
================================================================================
2026-01-28 17:13:13,272 - INFO - 채널 처리 중 [58/68]: channel_id=65
2026-01-28 17:13:13,272 - INFO - ================================================================================
2026-01-28 17:13:13,440 - INFO - [SUCCESS] 채널 65 처리 완료: {'status': 'skip', 'reason': 'No data'}
2026-01-28 17:13:13,440 - INFO - 
================================================================================
2026-01-28 17:13:13,441 - INFO - 채널 처리 중 [59/68]: channel_id=66
2026-01-28 17:13:13,441 - INFO - ================================================================================
2026-01-28 17:13:13,637 - INFO - [SUCCESS] 채널 66 처리 완료: {'status': 'skip', 'reason': 'No data'}
2026-01-28 17:13:13,637 - INFO - 
================================================================================
2026-01-28 17:13:13,639 - INFO - 채널 처리 중 [60/68]: channel_id=40
2026-01-28 17:13:13,639 - INFO - ================================================================================
2026-01-28 17:13:13,789 - INFO - [SUCCESS] 채널 40 처리 완료: {'status': 'skip', 'reason': 'No data'}
2026-01-28 17:13:13,789 - INFO - 
================================================================================
2026-01-28 17:13:13,789 - INFO - 채널 처리 중 [61/68]: channel_id=19
2026-01-28 17:13:13,789 - INFO - ================================================================================
2026-01-28 17:13:13,960 - INFO - [SUCCESS] 채널 19 처리 완료: {'status': 'skip', 'reason': 'No data'}
2026-01-28 17:13:13,960 - INFO - 
================================================================================
2026-01-28 17:13:13,960 - INFO - 채널 처리 중 [62/68]: channel_id=21
2026-01-28 17:13:13,960 - INFO - ================================================================================
2026-01-28 17:13:14,117 - INFO - [SUCCESS] 채널 21 처리 완료: {'status': 'skip', 'reason': 'No data'}
2026-01-28 17:13:14,117 - INFO - 
================================================================================
2026-01-28 17:13:14,117 - INFO - 채널 처리 중 [63/68]: channel_id=25
2026-01-28 17:13:14,117 - INFO - ================================================================================
2026-01-28 17:13:14,220 - INFO - [SUCCESS] 채널 25 처리 완료: {'status': 'skip', 'reason': 'No data'}
2026-01-28 17:13:14,221 - INFO - 
================================================================================
2026-01-28 17:13:14,222 - INFO - 채널 처리 중 [64/68]: channel_id=27
2026-01-28 17:13:14,222 - INFO - ================================================================================
2026-01-28 17:13:14,382 - INFO - [SUCCESS] 채널 27 처리 완료: {'status': 'skip', 'reason': 'No data'}
2026-01-28 17:13:14,382 - INFO - 
================================================================================
2026-01-28 17:13:14,382 - INFO - 채널 처리 중 [65/68]: channel_id=29
2026-01-28 17:13:14,382 - INFO - ================================================================================
2026-01-28 17:13:14,534 - INFO - [SUCCESS] 채널 29 처리 완료: {'status': 'skip', 'reason': 'No data'}
2026-01-28 17:13:14,534 - INFO - 
================================================================================
2026-01-28 17:13:14,534 - INFO - 채널 처리 중 [66/68]: channel_id=30
2026-01-28 17:13:14,534 - INFO - ================================================================================
2026-01-28 17:13:14,731 - INFO - [SUCCESS] 채널 30 처리 완료: {'status': 'skip', 'reason': 'No data'}
2026-01-28 17:13:14,731 - INFO - 
================================================================================
2026-01-28 17:13:14,731 - INFO - 채널 처리 중 [67/68]: channel_id=31
2026-01-28 17:13:14,731 - INFO - ================================================================================
2026-01-28 17:13:14,887 - INFO - [SUCCESS] 채널 31 처리 완료: {'status': 'skip', 'reason': 'No data'}
2026-01-28 17:13:14,887 - INFO - 
================================================================================
2026-01-28 17:13:14,888 - INFO - 채널 처리 중 [68/68]: channel_id=32
2026-01-28 17:13:14,888 - INFO - ================================================================================
2026-01-28 17:13:15,083 - INFO - [SUCCESS] 채널 32 처리 완료: {'status': 'skip', 'reason': 'No data'}
2026-01-28 17:13:15,085 - INFO - [COMPLETE] 카테고리 최적화 완료: 2026-01-28 17:13:15.083907
2026-01-28 17:15:54,848 - INFO - [START] 카테고리 최적화 시작: 2026-01-28 17:15:54.848475
2026-01-28 17:15:54,848 - INFO - [FETCH] 채널 목록 조회 중...
2026-01-28 17:15:54,931 - INFO - [SUCCESS] 총 68개 채널 발견
2026-01-28 17:15:54,931 - INFO - 
================================================================================
2026-01-28 17:15:54,931 - INFO - 채널 처리 중 [1/68]: channel_id=49
2026-01-28 17:15:54,931 - INFO - ================================================================================
2026-01-28 17:15:55,015 - INFO - [DEBUG] 채널 49 - 카테고리 조회 결과: []
2026-01-28 17:15:55,015 - INFO - [DEBUG] 채널 49 - 카테고리 없음
2026-01-28 17:15:55,015 - INFO - [SKIP] 채널 49 - 카테고리 없음
2026-01-28 17:15:55,015 - INFO - [SUCCESS] 채널 49 처리 완료: {'status': 'skip', 'reason': 'No data'}
2026-01-28 17:15:55,015 - INFO - 
================================================================================
2026-01-28 17:15:55,015 - INFO - 채널 처리 중 [2/68]: channel_id=50
2026-01-28 17:15:55,015 - INFO - ================================================================================
2026-01-28 17:15:55,087 - INFO - [DEBUG] 채널 50 - 카테고리 조회 결과: []
2026-01-28 17:15:55,087 - INFO - [DEBUG] 채널 50 - 카테고리 없음
2026-01-28 17:15:55,087 - INFO - [SKIP] 채널 50 - 카테고리 없음
2026-01-28 17:15:55,087 - INFO - [SUCCESS] 채널 50 처리 완료: {'status': 'skip', 'reason': 'No data'}
2026-01-28 17:15:55,087 - INFO - 
================================================================================
2026-01-28 17:15:55,087 - INFO - 채널 처리 중 [3/68]: channel_id=51
2026-01-28 17:15:55,087 - INFO - ================================================================================
2026-01-28 17:15:55,170 - INFO - [DEBUG] 채널 51 - 카테고리 조회 결과: []
2026-01-28 17:15:55,170 - INFO - [DEBUG] 채널 51 - 카테고리 없음
2026-01-28 17:15:55,170 - INFO - [SKIP] 채널 51 - 카테고리 없음
2026-01-28 17:15:55,170 - INFO - [SUCCESS] 채널 51 처리 완료: {'status': 'skip', 'reason': 'No data'}
2026-01-28 17:15:55,170 - INFO - 
================================================================================
2026-01-28 17:15:55,170 - INFO - 채널 처리 중 [4/68]: channel_id=16
2026-01-28 17:15:55,170 - INFO - ================================================================================
2026-01-28 17:15:55,254 - INFO - [DEBUG] 채널 16 - 카테고리 조회 결과: []
2026-01-28 17:15:55,254 - INFO - [DEBUG] 채널 16 - 카테고리 없음
2026-01-28 17:15:55,254 - INFO - [SKIP] 채널 16 - 카테고리 없음
2026-01-28 17:15:55,254 - INFO - [SUCCESS] 채널 16 처리 완료: {'status': 'skip', 'reason': 'No data'}
2026-01-28 17:15:55,254 - INFO - 
================================================================================
2026-01-28 17:15:55,263 - INFO - 채널 처리 중 [5/68]: channel_id=17
2026-01-28 17:15:55,263 - INFO - ================================================================================
2026-01-28 17:15:55,337 - INFO - [DEBUG] 채널 17 - 카테고리 조회 결과: []
2026-01-28 17:15:55,337 - INFO - [DEBUG] 채널 17 - 카테고리 없음
2026-01-28 17:15:55,337 - INFO - [SKIP] 채널 17 - 카테고리 없음
2026-01-28 17:15:55,337 - INFO - [SUCCESS] 채널 17 처리 완료: {'status': 'skip', 'reason': 'No data'}
2026-01-28 17:15:55,337 - INFO - 
================================================================================
2026-01-28 17:15:55,337 - INFO - 채널 처리 중 [6/68]: channel_id=18
2026-01-28 17:15:55,337 - INFO - ================================================================================
2026-01-28 17:15:55,422 - INFO - [DEBUG] 채널 18 - 카테고리 조회 결과: []
2026-01-28 17:15:55,422 - INFO - [DEBUG] 채널 18 - 카테고리 없음
2026-01-28 17:15:55,422 - INFO - [SKIP] 채널 18 - 카테고리 없음
2026-01-28 17:15:55,422 - INFO - [SUCCESS] 채널 18 처리 완료: {'status': 'skip', 'reason': 'No data'}
2026-01-28 17:15:55,422 - INFO - 
================================================================================
2026-01-28 17:15:55,422 - INFO - 채널 처리 중 [7/68]: channel_id=20
2026-01-28 17:15:55,422 - INFO - ================================================================================
2026-01-28 17:15:55,498 - INFO - [DEBUG] 채널 20 - 카테고리 조회 결과: []
2026-01-28 17:15:55,498 - INFO - [DEBUG] 채널 20 - 카테고리 없음
2026-01-28 17:15:55,501 - INFO - [SKIP] 채널 20 - 카테고리 없음
2026-01-28 17:15:55,501 - INFO - [SUCCESS] 채널 20 처리 완료: {'status': 'skip', 'reason': 'No data'}
2026-01-28 17:15:55,501 - INFO - 
================================================================================
2026-01-28 17:15:55,501 - INFO - 채널 처리 중 [8/68]: channel_id=24
2026-01-28 17:15:55,501 - INFO - ================================================================================
2026-01-28 17:15:55,581 - INFO - [DEBUG] 채널 24 - 카테고리 조회 결과: []
2026-01-28 17:15:55,581 - INFO - [DEBUG] 채널 24 - 카테고리 없음
2026-01-28 17:15:55,581 - INFO - [SKIP] 채널 24 - 카테고리 없음
2026-01-28 17:15:55,581 - INFO - [SUCCESS] 채널 24 처리 완료: {'status': 'skip', 'reason': 'No data'}
2026-01-28 17:15:55,581 - INFO - 
================================================================================
2026-01-28 17:15:55,581 - INFO - 채널 처리 중 [9/68]: channel_id=15
2026-01-28 17:15:55,582 - INFO - ================================================================================
2026-01-28 17:15:55,663 - INFO - [DEBUG] 채널 15 - 카테고리 조회 결과: []
2026-01-28 17:15:55,664 - INFO - [DEBUG] 채널 15 - 카테고리 없음
2026-01-28 17:15:55,664 - INFO - [SKIP] 채널 15 - 카테고리 없음
2026-01-28 17:15:55,664 - INFO - [SUCCESS] 채널 15 처리 완료: {'status': 'skip', 'reason': 'No data'}
2026-01-28 17:15:55,664 - INFO - 
================================================================================
2026-01-28 17:15:55,664 - INFO - 채널 처리 중 [10/68]: channel_id=2
2026-01-28 17:15:55,664 - INFO - ================================================================================
2026-01-28 17:15:55,739 - INFO - [DEBUG] 채널 2 - 카테고리 조회 결과: []
2026-01-28 17:15:55,739 - INFO - [DEBUG] 채널 2 - 카테고리 없음
2026-01-28 17:15:55,739 - INFO - [SKIP] 채널 2 - 카테고리 없음
2026-01-28 17:15:55,739 - INFO - [SUCCESS] 채널 2 처리 완료: {'status': 'skip', 'reason': 'No data'}
2026-01-28 17:15:55,739 - INFO - 
================================================================================
2026-01-28 17:15:55,739 - INFO - 채널 처리 중 [11/68]: channel_id=3
2026-01-28 17:15:55,739 - INFO - ================================================================================
2026-01-28 17:15:55,815 - INFO - [DEBUG] 채널 3 - 카테고리 조회 결과: []
2026-01-28 17:15:55,815 - INFO - [DEBUG] 채널 3 - 카테고리 없음
2026-01-28 17:15:55,815 - INFO - [SKIP] 채널 3 - 카테고리 없음
2026-01-28 17:15:55,815 - INFO - [SUCCESS] 채널 3 처리 완료: {'status': 'skip', 'reason': 'No data'}
2026-01-28 17:15:55,820 - INFO - 
================================================================================
2026-01-28 17:15:55,820 - INFO - 채널 처리 중 [12/68]: channel_id=43
2026-01-28 17:15:55,821 - INFO - ================================================================================
2026-01-28 17:15:55,898 - INFO - [DEBUG] 채널 43 - 카테고리 조회 결과: []
2026-01-28 17:15:55,898 - INFO - [DEBUG] 채널 43 - 카테고리 없음
2026-01-28 17:15:55,898 - INFO - [SKIP] 채널 43 - 카테고리 없음
2026-01-28 17:15:55,898 - INFO - [SUCCESS] 채널 43 처리 완료: {'status': 'skip', 'reason': 'No data'}
2026-01-28 17:15:55,898 - INFO - 
================================================================================
2026-01-28 17:15:55,898 - INFO - 채널 처리 중 [13/68]: channel_id=52
2026-01-28 17:15:55,898 - INFO - ================================================================================
2026-01-28 17:15:55,983 - INFO - [DEBUG] 채널 52 - 카테고리 조회 결과: []
2026-01-28 17:15:55,983 - INFO - [DEBUG] 채널 52 - 카테고리 없음
2026-01-28 17:15:55,983 - INFO - [SKIP] 채널 52 - 카테고리 없음
2026-01-28 17:15:55,983 - INFO - [SUCCESS] 채널 52 처리 완료: {'status': 'skip', 'reason': 'No data'}
2026-01-28 17:15:55,983 - INFO - 
================================================================================
2026-01-28 17:15:55,983 - INFO - 채널 처리 중 [14/68]: channel_id=67
2026-01-28 17:15:55,983 - INFO - ================================================================================
2026-01-28 17:15:56,058 - INFO - [DEBUG] 채널 67 - 카테고리 조회 결과: []
2026-01-28 17:15:56,058 - INFO - [DEBUG] 채널 67 - 카테고리 없음
2026-01-28 17:15:56,058 - INFO - [SKIP] 채널 67 - 카테고리 없음
2026-01-28 17:15:56,058 - INFO - [SUCCESS] 채널 67 처리 완료: {'status': 'skip', 'reason': 'No data'}
2026-01-28 17:15:56,058 - INFO - 
================================================================================
2026-01-28 17:15:56,058 - INFO - 채널 처리 중 [15/68]: channel_id=53
2026-01-28 17:15:56,058 - INFO - ================================================================================
2026-01-28 17:15:56,141 - INFO - [DEBUG] 채널 53 - 카테고리 조회 결과: []
2026-01-28 17:15:56,141 - INFO - [DEBUG] 채널 53 - 카테고리 없음
2026-01-28 17:15:56,141 - INFO - [SKIP] 채널 53 - 카테고리 없음
2026-01-28 17:15:56,141 - INFO - [SUCCESS] 채널 53 처리 완료: {'status': 'skip', 'reason': 'No data'}
2026-01-28 17:15:56,141 - INFO - 
================================================================================
2026-01-28 17:15:56,141 - INFO - 채널 처리 중 [16/68]: channel_id=44
2026-01-28 17:15:56,141 - INFO - ================================================================================
2026-01-28 17:15:56,222 - INFO - [DEBUG] 채널 44 - 카테고리 조회 결과: []
2026-01-28 17:15:56,222 - INFO - [DEBUG] 채널 44 - 카테고리 없음
2026-01-28 17:15:56,222 - INFO - [SKIP] 채널 44 - 카테고리 없음
2026-01-28 17:15:56,223 - INFO - [SUCCESS] 채널 44 처리 완료: {'status': 'skip', 'reason': 'No data'}
2026-01-28 17:15:56,223 - INFO - 
================================================================================
2026-01-28 17:15:56,223 - INFO - 채널 처리 중 [17/68]: channel_id=1
2026-01-28 17:15:56,223 - INFO - ================================================================================
2026-01-28 17:15:56,308 - INFO - [DEBUG] 채널 1 - 카테고리 조회 결과: [{'category_id': 1, 'category_name': '기타'}]
2026-01-28 17:15:56,390 - INFO - [DEBUG] 채널 1 - 총 게시글 수: 1
2026-01-28 17:15:56,474 - INFO - [DEBUG] 채널 1 - 기타 카테고리 게시글 수: 1
2026-01-28 17:15:56,474 - INFO - [DEBUG] 채널 1 - is_initial: True, post_count: 1, etc_ratio: 100.00%
2026-01-28 17:15:56,474 - INFO - [DEBUG] 채널 1 상태 - is_initial=True, post_count=1, etc_ratio=100.00%
2026-01-28 17:15:56,474 - INFO - [TRACK_B] 진입: 채널 1 (etc_ratio=100.00%)
2026-01-28 17:15:57,993 - INFO - [VALID] 유효 주제: 취업특강정보 (1/1 = 100.0%)
2026-01-28 17:15:58,228 - INFO - [SUCCESS] Track B 완료: 채널 1, 신규 카테고리 1개, 분류 1건
2026-01-28 17:15:58,228 - INFO - [SUCCESS] 채널 1 처리 완료: {'status': 'success', 'track': 'B', 'new_categories': 1, 'classified_posts': 1}
2026-01-28 17:15:58,228 - INFO - 
================================================================================
2026-01-28 17:15:58,228 - INFO - 채널 처리 중 [18/68]: channel_id=4
2026-01-28 17:15:58,228 - INFO - ================================================================================
2026-01-28 17:15:58,309 - INFO - [DEBUG] 채널 4 - 카테고리 조회 결과: []
2026-01-28 17:15:58,309 - INFO - [DEBUG] 채널 4 - 카테고리 없음
2026-01-28 17:15:58,309 - INFO - [SKIP] 채널 4 - 카테고리 없음
2026-01-28 17:15:58,309 - INFO - [SUCCESS] 채널 4 처리 완료: {'status': 'skip', 'reason': 'No data'}
2026-01-28 17:15:58,309 - INFO - 
================================================================================
2026-01-28 17:15:58,309 - INFO - 채널 처리 중 [19/68]: channel_id=6
2026-01-28 17:15:58,309 - INFO - ================================================================================
2026-01-28 17:15:58,391 - INFO - [DEBUG] 채널 6 - 카테고리 조회 결과: []
2026-01-28 17:15:58,391 - INFO - [DEBUG] 채널 6 - 카테고리 없음
2026-01-28 17:15:58,391 - INFO - [SKIP] 채널 6 - 카테고리 없음
2026-01-28 17:15:58,391 - INFO - [SUCCESS] 채널 6 처리 완료: {'status': 'skip', 'reason': 'No data'}
2026-01-28 17:15:58,391 - INFO - 
================================================================================
2026-01-28 17:15:58,391 - INFO - 채널 처리 중 [20/68]: channel_id=9
2026-01-28 17:15:58,391 - INFO - ================================================================================
2026-01-28 17:15:58,468 - INFO - [DEBUG] 채널 9 - 카테고리 조회 결과: []
2026-01-28 17:15:58,468 - INFO - [DEBUG] 채널 9 - 카테고리 없음
2026-01-28 17:15:58,468 - INFO - [SKIP] 채널 9 - 카테고리 없음
2026-01-28 17:15:58,468 - INFO - [SUCCESS] 채널 9 처리 완료: {'status': 'skip', 'reason': 'No data'}
2026-01-28 17:15:58,468 - INFO - 
================================================================================
2026-01-28 17:15:58,468 - INFO - 채널 처리 중 [21/68]: channel_id=5
2026-01-28 17:15:58,468 - INFO - ================================================================================
2026-01-28 17:15:58,559 - INFO - [DEBUG] 채널 5 - 카테고리 조회 결과: []
2026-01-28 17:15:58,559 - INFO - [DEBUG] 채널 5 - 카테고리 없음
2026-01-28 17:15:58,567 - INFO - [SKIP] 채널 5 - 카테고리 없음
2026-01-28 17:15:58,567 - INFO - [SUCCESS] 채널 5 처리 완료: {'status': 'skip', 'reason': 'No data'}
2026-01-28 17:15:58,567 - INFO - 
================================================================================
2026-01-28 17:15:58,567 - INFO - 채널 처리 중 [22/68]: channel_id=10
2026-01-28 17:15:58,567 - INFO - ================================================================================
2026-01-28 17:15:58,643 - INFO - [DEBUG] 채널 10 - 카테고리 조회 결과: []
2026-01-28 17:15:58,643 - INFO - [DEBUG] 채널 10 - 카테고리 없음
2026-01-28 17:15:58,643 - INFO - [SKIP] 채널 10 - 카테고리 없음
2026-01-28 17:15:58,643 - INFO - [SUCCESS] 채널 10 처리 완료: {'status': 'skip', 'reason': 'No data'}
2026-01-28 17:15:58,643 - INFO - 
================================================================================
2026-01-28 17:15:58,643 - INFO - 채널 처리 중 [23/68]: channel_id=11
2026-01-28 17:15:58,643 - INFO - ================================================================================
2026-01-28 17:15:58,723 - INFO - [DEBUG] 채널 11 - 카테고리 조회 결과: []
2026-01-28 17:15:58,723 - INFO - [DEBUG] 채널 11 - 카테고리 없음
2026-01-28 17:15:58,723 - INFO - [SKIP] 채널 11 - 카테고리 없음
2026-01-28 17:15:58,723 - INFO - [SUCCESS] 채널 11 처리 완료: {'status': 'skip', 'reason': 'No data'}
2026-01-28 17:15:58,723 - INFO - 
================================================================================
2026-01-28 17:15:58,723 - INFO - 채널 처리 중 [24/68]: channel_id=54
2026-01-28 17:15:58,723 - INFO - ================================================================================
2026-01-28 17:15:58,795 - INFO - [DEBUG] 채널 54 - 카테고리 조회 결과: []
2026-01-28 17:15:58,795 - INFO - [DEBUG] 채널 54 - 카테고리 없음
2026-01-28 17:15:58,795 - INFO - [SKIP] 채널 54 - 카테고리 없음
2026-01-28 17:15:58,795 - INFO - [SUCCESS] 채널 54 처리 완료: {'status': 'skip', 'reason': 'No data'}
2026-01-28 17:15:58,795 - INFO - 
================================================================================
2026-01-28 17:15:58,795 - INFO - 채널 처리 중 [25/68]: channel_id=12
2026-01-28 17:15:58,795 - INFO - ================================================================================
2026-01-28 17:15:58,878 - INFO - [DEBUG] 채널 12 - 카테고리 조회 결과: []
2026-01-28 17:15:58,878 - INFO - [DEBUG] 채널 12 - 카테고리 없음
2026-01-28 17:15:58,878 - INFO - [SKIP] 채널 12 - 카테고리 없음
2026-01-28 17:15:58,878 - INFO - [SUCCESS] 채널 12 처리 완료: {'status': 'skip', 'reason': 'No data'}
2026-01-28 17:15:58,878 - INFO - 
================================================================================
2026-01-28 17:15:58,878 - INFO - 채널 처리 중 [26/68]: channel_id=7
2026-01-28 17:15:58,878 - INFO - ================================================================================
2026-01-28 17:15:58,952 - INFO - [DEBUG] 채널 7 - 카테고리 조회 결과: []
2026-01-28 17:15:58,952 - INFO - [DEBUG] 채널 7 - 카테고리 없음
2026-01-28 17:15:58,952 - INFO - [SKIP] 채널 7 - 카테고리 없음
2026-01-28 17:15:58,952 - INFO - [SUCCESS] 채널 7 처리 완료: {'status': 'skip', 'reason': 'No data'}
2026-01-28 17:15:58,952 - INFO - 
================================================================================
2026-01-28 17:15:58,952 - INFO - 채널 처리 중 [27/68]: channel_id=22
2026-01-28 17:15:58,952 - INFO - ================================================================================
2026-01-28 17:15:59,036 - INFO - [DEBUG] 채널 22 - 카테고리 조회 결과: []
2026-01-28 17:15:59,036 - INFO - [DEBUG] 채널 22 - 카테고리 없음
2026-01-28 17:15:59,036 - INFO - [SKIP] 채널 22 - 카테고리 없음
2026-01-28 17:15:59,036 - INFO - [SUCCESS] 채널 22 처리 완료: {'status': 'skip', 'reason': 'No data'}
2026-01-28 17:15:59,036 - INFO - 
================================================================================
2026-01-28 17:15:59,036 - INFO - 채널 처리 중 [28/68]: channel_id=8
2026-01-28 17:15:59,036 - INFO - ================================================================================
2026-01-28 17:15:59,115 - INFO - [DEBUG] 채널 8 - 카테고리 조회 결과: []
2026-01-28 17:15:59,115 - INFO - [DEBUG] 채널 8 - 카테고리 없음
2026-01-28 17:15:59,115 - INFO - [SKIP] 채널 8 - 카테고리 없음
2026-01-28 17:15:59,115 - INFO - [SUCCESS] 채널 8 처리 완료: {'status': 'skip', 'reason': 'No data'}
2026-01-28 17:15:59,115 - INFO - 
================================================================================
2026-01-28 17:15:59,115 - INFO - 채널 처리 중 [29/68]: channel_id=55
2026-01-28 17:15:59,115 - INFO - ================================================================================
2026-01-28 17:15:59,198 - INFO - [DEBUG] 채널 55 - 카테고리 조회 결과: []
2026-01-28 17:15:59,198 - INFO - [DEBUG] 채널 55 - 카테고리 없음
2026-01-28 17:15:59,198 - INFO - [SKIP] 채널 55 - 카테고리 없음
2026-01-28 17:15:59,198 - INFO - [SUCCESS] 채널 55 처리 완료: {'status': 'skip', 'reason': 'No data'}
2026-01-28 17:15:59,198 - INFO - 
================================================================================
2026-01-28 17:15:59,198 - INFO - 채널 처리 중 [30/68]: channel_id=45
2026-01-28 17:15:59,198 - INFO - ================================================================================
2026-01-28 17:15:59,279 - INFO - [DEBUG] 채널 45 - 카테고리 조회 결과: []
2026-01-28 17:15:59,279 - INFO - [DEBUG] 채널 45 - 카테고리 없음
2026-01-28 17:15:59,279 - INFO - [SKIP] 채널 45 - 카테고리 없음
2026-01-28 17:15:59,280 - INFO - [SUCCESS] 채널 45 처리 완료: {'status': 'skip', 'reason': 'No data'}
2026-01-28 17:15:59,280 - INFO - 
================================================================================
2026-01-28 17:15:59,280 - INFO - 채널 처리 중 [31/68]: channel_id=23
2026-01-28 17:15:59,280 - INFO - ================================================================================
2026-01-28 17:15:59,353 - INFO - [DEBUG] 채널 23 - 카테고리 조회 결과: []
2026-01-28 17:15:59,353 - INFO - [DEBUG] 채널 23 - 카테고리 없음
2026-01-28 17:15:59,353 - INFO - [SKIP] 채널 23 - 카테고리 없음
2026-01-28 17:15:59,353 - INFO - [SUCCESS] 채널 23 처리 완료: {'status': 'skip', 'reason': 'No data'}
2026-01-28 17:15:59,353 - INFO - 
================================================================================
2026-01-28 17:15:59,353 - INFO - 채널 처리 중 [32/68]: channel_id=13
2026-01-28 17:15:59,353 - INFO - ================================================================================
2026-01-28 17:15:59,435 - INFO - [DEBUG] 채널 13 - 카테고리 조회 결과: []
2026-01-28 17:15:59,436 - INFO - [DEBUG] 채널 13 - 카테고리 없음
2026-01-28 17:15:59,436 - INFO - [SKIP] 채널 13 - 카테고리 없음
2026-01-28 17:15:59,436 - INFO - [SUCCESS] 채널 13 처리 완료: {'status': 'skip', 'reason': 'No data'}
2026-01-28 17:15:59,436 - INFO - 
================================================================================
2026-01-28 17:15:59,438 - INFO - 채널 처리 중 [33/68]: channel_id=26
2026-01-28 17:15:59,438 - INFO - ================================================================================
2026-01-28 17:15:59,507 - INFO - [DEBUG] 채널 26 - 카테고리 조회 결과: []
2026-01-28 17:15:59,507 - INFO - [DEBUG] 채널 26 - 카테고리 없음
2026-01-28 17:15:59,507 - INFO - [SKIP] 채널 26 - 카테고리 없음
2026-01-28 17:15:59,507 - INFO - [SUCCESS] 채널 26 처리 완료: {'status': 'skip', 'reason': 'No data'}
2026-01-28 17:15:59,507 - INFO - 
================================================================================
2026-01-28 17:15:59,507 - INFO - 채널 처리 중 [34/68]: channel_id=56
2026-01-28 17:15:59,507 - INFO - ================================================================================
2026-01-28 17:15:59,590 - INFO - [DEBUG] 채널 56 - 카테고리 조회 결과: []
2026-01-28 17:15:59,590 - INFO - [DEBUG] 채널 56 - 카테고리 없음
2026-01-28 17:15:59,590 - INFO - [SKIP] 채널 56 - 카테고리 없음
2026-01-28 17:15:59,590 - INFO - [SUCCESS] 채널 56 처리 완료: {'status': 'skip', 'reason': 'No data'}
2026-01-28 17:15:59,590 - INFO - 
================================================================================
2026-01-28 17:15:59,590 - INFO - 채널 처리 중 [35/68]: channel_id=14
2026-01-28 17:15:59,590 - INFO - ================================================================================
2026-01-28 17:15:59,673 - INFO - [DEBUG] 채널 14 - 카테고리 조회 결과: []
2026-01-28 17:15:59,673 - INFO - [DEBUG] 채널 14 - 카테고리 없음
2026-01-28 17:15:59,673 - INFO - [SKIP] 채널 14 - 카테고리 없음
2026-01-28 17:15:59,673 - INFO - [SUCCESS] 채널 14 처리 완료: {'status': 'skip', 'reason': 'No data'}
2026-01-28 17:15:59,673 - INFO - 
================================================================================
2026-01-28 17:15:59,673 - INFO - 채널 처리 중 [36/68]: channel_id=28
2026-01-28 17:15:59,673 - INFO - ================================================================================
2026-01-28 17:15:59,756 - INFO - [DEBUG] 채널 28 - 카테고리 조회 결과: []
2026-01-28 17:15:59,756 - INFO - [DEBUG] 채널 28 - 카테고리 없음
2026-01-28 17:15:59,756 - INFO - [SKIP] 채널 28 - 카테고리 없음
2026-01-28 17:15:59,756 - INFO - [SUCCESS] 채널 28 처리 완료: {'status': 'skip', 'reason': 'No data'}
2026-01-28 17:15:59,756 - INFO - 
================================================================================
2026-01-28 17:15:59,756 - INFO - 채널 처리 중 [37/68]: channel_id=46
2026-01-28 17:15:59,756 - INFO - ================================================================================
2026-01-28 17:15:59,831 - INFO - [DEBUG] 채널 46 - 카테고리 조회 결과: []
2026-01-28 17:15:59,831 - INFO - [DEBUG] 채널 46 - 카테고리 없음
2026-01-28 17:15:59,831 - INFO - [SKIP] 채널 46 - 카테고리 없음
2026-01-28 17:15:59,831 - INFO - [SUCCESS] 채널 46 처리 완료: {'status': 'skip', 'reason': 'No data'}
2026-01-28 17:15:59,831 - INFO - 
================================================================================
2026-01-28 17:15:59,831 - INFO - 채널 처리 중 [38/68]: channel_id=47
2026-01-28 17:15:59,831 - INFO - ================================================================================
2026-01-28 17:15:59,912 - INFO - [DEBUG] 채널 47 - 카테고리 조회 결과: []
2026-01-28 17:15:59,912 - INFO - [DEBUG] 채널 47 - 카테고리 없음
2026-01-28 17:15:59,912 - INFO - [SKIP] 채널 47 - 카테고리 없음
2026-01-28 17:15:59,912 - INFO - [SUCCESS] 채널 47 처리 완료: {'status': 'skip', 'reason': 'No data'}
2026-01-28 17:15:59,912 - INFO - 
================================================================================
2026-01-28 17:15:59,912 - INFO - 채널 처리 중 [39/68]: channel_id=48
2026-01-28 17:15:59,912 - INFO - ================================================================================
2026-01-28 17:15:59,996 - INFO - [DEBUG] 채널 48 - 카테고리 조회 결과: []
2026-01-28 17:15:59,996 - INFO - [DEBUG] 채널 48 - 카테고리 없음
2026-01-28 17:15:59,996 - INFO - [SKIP] 채널 48 - 카테고리 없음
2026-01-28 17:15:59,996 - INFO - [SUCCESS] 채널 48 처리 완료: {'status': 'skip', 'reason': 'No data'}
2026-01-28 17:15:59,996 - INFO - 
================================================================================
2026-01-28 17:15:59,996 - INFO - 채널 처리 중 [40/68]: channel_id=68
2026-01-28 17:15:59,996 - INFO - ================================================================================
2026-01-28 17:16:00,090 - INFO - [DEBUG] 채널 68 - 카테고리 조회 결과: []
2026-01-28 17:16:00,090 - INFO - [DEBUG] 채널 68 - 카테고리 없음
2026-01-28 17:16:00,090 - INFO - [SKIP] 채널 68 - 카테고리 없음
2026-01-28 17:16:00,090 - INFO - [SUCCESS] 채널 68 처리 완료: {'status': 'skip', 'reason': 'No data'}
2026-01-28 17:16:00,090 - INFO - 
================================================================================
2026-01-28 17:16:00,090 - INFO - 채널 처리 중 [41/68]: channel_id=57
2026-01-28 17:16:00,097 - INFO - ================================================================================
2026-01-28 17:16:00,176 - INFO - [DEBUG] 채널 57 - 카테고리 조회 결과: []
2026-01-28 17:16:00,176 - INFO - [DEBUG] 채널 57 - 카테고리 없음
2026-01-28 17:16:00,177 - INFO - [SKIP] 채널 57 - 카테고리 없음
2026-01-28 17:16:00,177 - INFO - [SUCCESS] 채널 57 처리 완료: {'status': 'skip', 'reason': 'No data'}
2026-01-28 17:16:00,177 - INFO - 
================================================================================
2026-01-28 17:16:00,177 - INFO - 채널 처리 중 [42/68]: channel_id=41
2026-01-28 17:16:00,177 - INFO - ================================================================================
2026-01-28 17:16:00,246 - INFO - [DEBUG] 채널 41 - 카테고리 조회 결과: []
2026-01-28 17:16:00,246 - INFO - [DEBUG] 채널 41 - 카테고리 없음
2026-01-28 17:16:00,246 - INFO - [SKIP] 채널 41 - 카테고리 없음
2026-01-28 17:16:00,246 - INFO - [SUCCESS] 채널 41 처리 완료: {'status': 'skip', 'reason': 'No data'}
2026-01-28 17:16:00,246 - INFO - 
================================================================================
2026-01-28 17:16:00,246 - INFO - 채널 처리 중 [43/68]: channel_id=58
2026-01-28 17:16:00,246 - INFO - ================================================================================
2026-01-28 17:16:00,329 - INFO - [DEBUG] 채널 58 - 카테고리 조회 결과: []
2026-01-28 17:16:00,329 - INFO - [DEBUG] 채널 58 - 카테고리 없음
2026-01-28 17:16:00,330 - INFO - [SKIP] 채널 58 - 카테고리 없음
2026-01-28 17:16:00,330 - INFO - [SUCCESS] 채널 58 처리 완료: {'status': 'skip', 'reason': 'No data'}
2026-01-28 17:16:00,330 - INFO - 
================================================================================
2026-01-28 17:16:00,330 - INFO - 채널 처리 중 [44/68]: channel_id=42
2026-01-28 17:16:00,330 - INFO - ================================================================================
2026-01-28 17:16:00,408 - INFO - [DEBUG] 채널 42 - 카테고리 조회 결과: []
2026-01-28 17:16:00,408 - INFO - [DEBUG] 채널 42 - 카테고리 없음
2026-01-28 17:16:00,408 - INFO - [SKIP] 채널 42 - 카테고리 없음
2026-01-28 17:16:00,408 - INFO - [SUCCESS] 채널 42 처리 완료: {'status': 'skip', 'reason': 'No data'}
2026-01-28 17:16:00,409 - INFO - 
================================================================================
2026-01-28 17:16:00,409 - INFO - 채널 처리 중 [45/68]: channel_id=59
2026-01-28 17:16:00,409 - INFO - ================================================================================
2026-01-28 17:16:00,485 - INFO - [DEBUG] 채널 59 - 카테고리 조회 결과: []
2026-01-28 17:16:00,485 - INFO - [DEBUG] 채널 59 - 카테고리 없음
2026-01-28 17:16:00,485 - INFO - [SKIP] 채널 59 - 카테고리 없음
2026-01-28 17:16:00,485 - INFO - [SUCCESS] 채널 59 처리 완료: {'status': 'skip', 'reason': 'No data'}
2026-01-28 17:16:00,485 - INFO - 
================================================================================
2026-01-28 17:16:00,485 - INFO - 채널 처리 중 [46/68]: channel_id=60
2026-01-28 17:16:00,485 - INFO - ================================================================================
2026-01-28 17:16:00,579 - INFO - [DEBUG] 채널 60 - 카테고리 조회 결과: []
2026-01-28 17:16:00,579 - INFO - [DEBUG] 채널 60 - 카테고리 없음
2026-01-28 17:16:00,579 - INFO - [SKIP] 채널 60 - 카테고리 없음
2026-01-28 17:16:00,579 - INFO - [SUCCESS] 채널 60 처리 완료: {'status': 'skip', 'reason': 'No data'}
2026-01-28 17:16:00,579 - INFO - 
================================================================================
2026-01-28 17:16:00,579 - INFO - 채널 처리 중 [47/68]: channel_id=61
2026-01-28 17:16:00,579 - INFO - ================================================================================
2026-01-28 17:16:00,663 - INFO - [DEBUG] 채널 61 - 카테고리 조회 결과: []
2026-01-28 17:16:00,663 - INFO - [DEBUG] 채널 61 - 카테고리 없음
2026-01-28 17:16:00,663 - INFO - [SKIP] 채널 61 - 카테고리 없음
2026-01-28 17:16:00,663 - INFO - [SUCCESS] 채널 61 처리 완료: {'status': 'skip', 'reason': 'No data'}
2026-01-28 17:16:00,663 - INFO - 
================================================================================
2026-01-28 17:16:00,663 - INFO - 채널 처리 중 [48/68]: channel_id=19
2026-01-28 17:16:00,663 - INFO - ================================================================================
2026-01-28 17:16:00,745 - INFO - [DEBUG] 채널 19 - 카테고리 조회 결과: []
2026-01-28 17:16:00,745 - INFO - [DEBUG] 채널 19 - 카테고리 없음
2026-01-28 17:16:00,745 - INFO - [SKIP] 채널 19 - 카테고리 없음
2026-01-28 17:16:00,745 - INFO - [SUCCESS] 채널 19 처리 완료: {'status': 'skip', 'reason': 'No data'}
2026-01-28 17:16:00,745 - INFO - 
================================================================================
2026-01-28 17:16:00,745 - INFO - 채널 처리 중 [49/68]: channel_id=21
2026-01-28 17:16:00,745 - INFO - ================================================================================
2026-01-28 17:16:00,827 - INFO - [DEBUG] 채널 21 - 카테고리 조회 결과: []
2026-01-28 17:16:00,827 - INFO - [DEBUG] 채널 21 - 카테고리 없음
2026-01-28 17:16:00,827 - INFO - [SKIP] 채널 21 - 카테고리 없음
2026-01-28 17:16:00,827 - INFO - [SUCCESS] 채널 21 처리 완료: {'status': 'skip', 'reason': 'No data'}
2026-01-28 17:16:00,827 - INFO - 
================================================================================
2026-01-28 17:16:00,827 - INFO - 채널 처리 중 [50/68]: channel_id=62
2026-01-28 17:16:00,827 - INFO - ================================================================================
2026-01-28 17:16:00,906 - INFO - [DEBUG] 채널 62 - 카테고리 조회 결과: []
2026-01-28 17:16:00,906 - INFO - [DEBUG] 채널 62 - 카테고리 없음
2026-01-28 17:16:00,906 - INFO - [SKIP] 채널 62 - 카테고리 없음
2026-01-28 17:16:00,906 - INFO - [SUCCESS] 채널 62 처리 완료: {'status': 'skip', 'reason': 'No data'}
2026-01-28 17:16:00,909 - INFO - 
================================================================================
2026-01-28 17:16:00,909 - INFO - 채널 처리 중 [51/68]: channel_id=63
2026-01-28 17:16:00,909 - INFO - ================================================================================
2026-01-28 17:16:00,982 - INFO - [DEBUG] 채널 63 - 카테고리 조회 결과: []
2026-01-28 17:16:00,982 - INFO - [DEBUG] 채널 63 - 카테고리 없음
2026-01-28 17:16:00,982 - INFO - [SKIP] 채널 63 - 카테고리 없음
2026-01-28 17:16:00,982 - INFO - [SUCCESS] 채널 63 처리 완료: {'status': 'skip', 'reason': 'No data'}
2026-01-28 17:16:00,989 - INFO - 
================================================================================
2026-01-28 17:16:00,989 - INFO - 채널 처리 중 [52/68]: channel_id=27
2026-01-28 17:16:00,989 - INFO - ================================================================================
2026-01-28 17:16:01,073 - INFO - [DEBUG] 채널 27 - 카테고리 조회 결과: []
2026-01-28 17:16:01,073 - INFO - [DEBUG] 채널 27 - 카테고리 없음
2026-01-28 17:16:01,073 - INFO - [SKIP] 채널 27 - 카테고리 없음
2026-01-28 17:16:01,073 - INFO - [SUCCESS] 채널 27 처리 완료: {'status': 'skip', 'reason': 'No data'}
2026-01-28 17:16:01,073 - INFO - 
================================================================================
2026-01-28 17:16:01,073 - INFO - 채널 처리 중 [53/68]: channel_id=64
2026-01-28 17:16:01,073 - INFO - ================================================================================
2026-01-28 17:16:01,151 - INFO - [DEBUG] 채널 64 - 카테고리 조회 결과: []
2026-01-28 17:16:01,151 - INFO - [DEBUG] 채널 64 - 카테고리 없음
2026-01-28 17:16:01,151 - INFO - [SKIP] 채널 64 - 카테고리 없음
2026-01-28 17:16:01,151 - INFO - [SUCCESS] 채널 64 처리 완료: {'status': 'skip', 'reason': 'No data'}
2026-01-28 17:16:01,155 - INFO - 
================================================================================
2026-01-28 17:16:01,155 - INFO - 채널 처리 중 [54/68]: channel_id=65
2026-01-28 17:16:01,155 - INFO - ================================================================================
2026-01-28 17:16:01,229 - INFO - [DEBUG] 채널 65 - 카테고리 조회 결과: []
2026-01-28 17:16:01,230 - INFO - [DEBUG] 채널 65 - 카테고리 없음
2026-01-28 17:16:01,230 - INFO - [SKIP] 채널 65 - 카테고리 없음
2026-01-28 17:16:01,230 - INFO - [SUCCESS] 채널 65 처리 완료: {'status': 'skip', 'reason': 'No data'}
2026-01-28 17:16:01,230 - INFO - 
================================================================================
2026-01-28 17:16:01,230 - INFO - 채널 처리 중 [55/68]: channel_id=30
2026-01-28 17:16:01,230 - INFO - ================================================================================
2026-01-28 17:16:01,307 - INFO - [DEBUG] 채널 30 - 카테고리 조회 결과: []
2026-01-28 17:16:01,307 - INFO - [DEBUG] 채널 30 - 카테고리 없음
2026-01-28 17:16:01,307 - INFO - [SKIP] 채널 30 - 카테고리 없음
2026-01-28 17:16:01,307 - INFO - [SUCCESS] 채널 30 처리 완료: {'status': 'skip', 'reason': 'No data'}
2026-01-28 17:16:01,307 - INFO - 
================================================================================
2026-01-28 17:16:01,307 - INFO - 채널 처리 중 [56/68]: channel_id=31
2026-01-28 17:16:01,307 - INFO - ================================================================================
2026-01-28 17:16:01,392 - INFO - [DEBUG] 채널 31 - 카테고리 조회 결과: []
2026-01-28 17:16:01,392 - INFO - [DEBUG] 채널 31 - 카테고리 없음
2026-01-28 17:16:01,396 - INFO - [SKIP] 채널 31 - 카테고리 없음
2026-01-28 17:16:01,396 - INFO - [SUCCESS] 채널 31 처리 완료: {'status': 'skip', 'reason': 'No data'}
2026-01-28 17:16:01,396 - INFO - 
================================================================================
2026-01-28 17:16:01,397 - INFO - 채널 처리 중 [57/68]: channel_id=32
2026-01-28 17:16:01,397 - INFO - ================================================================================
2026-01-28 17:16:01,474 - INFO - [DEBUG] 채널 32 - 카테고리 조회 결과: []
2026-01-28 17:16:01,474 - INFO - [DEBUG] 채널 32 - 카테고리 없음
2026-01-28 17:16:01,474 - INFO - [SKIP] 채널 32 - 카테고리 없음
2026-01-28 17:16:01,474 - INFO - [SUCCESS] 채널 32 처리 완료: {'status': 'skip', 'reason': 'No data'}
2026-01-28 17:16:01,474 - INFO - 
================================================================================
2026-01-28 17:16:01,474 - INFO - 채널 처리 중 [58/68]: channel_id=33
2026-01-28 17:16:01,474 - INFO - ================================================================================
2026-01-28 17:16:01,556 - INFO - [DEBUG] 채널 33 - 카테고리 조회 결과: []
2026-01-28 17:16:01,556 - INFO - [DEBUG] 채널 33 - 카테고리 없음
2026-01-28 17:16:01,556 - INFO - [SKIP] 채널 33 - 카테고리 없음
2026-01-28 17:16:01,556 - INFO - [SUCCESS] 채널 33 처리 완료: {'status': 'skip', 'reason': 'No data'}
2026-01-28 17:16:01,556 - INFO - 
================================================================================
2026-01-28 17:16:01,556 - INFO - 채널 처리 중 [59/68]: channel_id=34
2026-01-28 17:16:01,556 - INFO - ================================================================================
2026-01-28 17:16:01,640 - INFO - [DEBUG] 채널 34 - 카테고리 조회 결과: []
2026-01-28 17:16:01,640 - INFO - [DEBUG] 채널 34 - 카테고리 없음
2026-01-28 17:16:01,640 - INFO - [SKIP] 채널 34 - 카테고리 없음
2026-01-28 17:16:01,640 - INFO - [SUCCESS] 채널 34 처리 완료: {'status': 'skip', 'reason': 'No data'}
2026-01-28 17:16:01,640 - INFO - 
================================================================================
2026-01-28 17:16:01,640 - INFO - 채널 처리 중 [60/68]: channel_id=66
2026-01-28 17:16:01,646 - INFO - ================================================================================
2026-01-28 17:16:01,732 - INFO - [DEBUG] 채널 66 - 카테고리 조회 결과: []
2026-01-28 17:16:01,732 - INFO - [DEBUG] 채널 66 - 카테고리 없음
2026-01-28 17:16:01,732 - INFO - [SKIP] 채널 66 - 카테고리 없음
2026-01-28 17:16:01,732 - INFO - [SUCCESS] 채널 66 처리 완료: {'status': 'skip', 'reason': 'No data'}
2026-01-28 17:16:01,732 - INFO - 
================================================================================
2026-01-28 17:16:01,732 - INFO - 채널 처리 중 [61/68]: channel_id=40
2026-01-28 17:16:01,732 - INFO - ================================================================================
2026-01-28 17:16:01,805 - INFO - [DEBUG] 채널 40 - 카테고리 조회 결과: []
2026-01-28 17:16:01,805 - INFO - [DEBUG] 채널 40 - 카테고리 없음
2026-01-28 17:16:01,805 - INFO - [SKIP] 채널 40 - 카테고리 없음
2026-01-28 17:16:01,813 - INFO - [SUCCESS] 채널 40 처리 완료: {'status': 'skip', 'reason': 'No data'}
2026-01-28 17:16:01,813 - INFO - 
================================================================================
2026-01-28 17:16:01,813 - INFO - 채널 처리 중 [62/68]: channel_id=25
2026-01-28 17:16:01,813 - INFO - ================================================================================
2026-01-28 17:16:01,889 - INFO - [DEBUG] 채널 25 - 카테고리 조회 결과: []
2026-01-28 17:16:01,889 - INFO - [DEBUG] 채널 25 - 카테고리 없음
2026-01-28 17:16:01,889 - INFO - [SKIP] 채널 25 - 카테고리 없음
2026-01-28 17:16:01,889 - INFO - [SUCCESS] 채널 25 처리 완료: {'status': 'skip', 'reason': 'No data'}
2026-01-28 17:16:01,889 - INFO - 
================================================================================
2026-01-28 17:16:01,889 - INFO - 채널 처리 중 [63/68]: channel_id=35
2026-01-28 17:16:01,889 - INFO - ================================================================================
2026-01-28 17:16:01,964 - INFO - [DEBUG] 채널 35 - 카테고리 조회 결과: []
2026-01-28 17:16:01,964 - INFO - [DEBUG] 채널 35 - 카테고리 없음
2026-01-28 17:16:01,964 - INFO - [SKIP] 채널 35 - 카테고리 없음
2026-01-28 17:16:01,964 - INFO - [SUCCESS] 채널 35 처리 완료: {'status': 'skip', 'reason': 'No data'}
2026-01-28 17:16:01,964 - INFO - 
================================================================================
2026-01-28 17:16:01,964 - INFO - 채널 처리 중 [64/68]: channel_id=29
2026-01-28 17:16:01,964 - INFO - ================================================================================
2026-01-28 17:16:02,047 - INFO - [DEBUG] 채널 29 - 카테고리 조회 결과: []
2026-01-28 17:16:02,047 - INFO - [DEBUG] 채널 29 - 카테고리 없음
2026-01-28 17:16:02,047 - INFO - [SKIP] 채널 29 - 카테고리 없음
2026-01-28 17:16:02,047 - INFO - [SUCCESS] 채널 29 처리 완료: {'status': 'skip', 'reason': 'No data'}
2026-01-28 17:16:02,047 - INFO - 
================================================================================
2026-01-28 17:16:02,047 - INFO - 채널 처리 중 [65/68]: channel_id=36
2026-01-28 17:16:02,047 - INFO - ================================================================================
2026-01-28 17:16:02,130 - INFO - [DEBUG] 채널 36 - 카테고리 조회 결과: []
2026-01-28 17:16:02,130 - INFO - [DEBUG] 채널 36 - 카테고리 없음
2026-01-28 17:16:02,130 - INFO - [SKIP] 채널 36 - 카테고리 없음
2026-01-28 17:16:02,130 - INFO - [SUCCESS] 채널 36 처리 완료: {'status': 'skip', 'reason': 'No data'}
2026-01-28 17:16:02,130 - INFO - 
================================================================================
2026-01-28 17:16:02,130 - INFO - 채널 처리 중 [66/68]: channel_id=37
2026-01-28 17:16:02,130 - INFO - ================================================================================
2026-01-28 17:16:02,205 - INFO - [DEBUG] 채널 37 - 카테고리 조회 결과: []
2026-01-28 17:16:02,205 - INFO - [DEBUG] 채널 37 - 카테고리 없음
2026-01-28 17:16:02,205 - INFO - [SKIP] 채널 37 - 카테고리 없음
2026-01-28 17:16:02,205 - INFO - [SUCCESS] 채널 37 처리 완료: {'status': 'skip', 'reason': 'No data'}
2026-01-28 17:16:02,205 - INFO - 
================================================================================
2026-01-28 17:16:02,205 - INFO - 채널 처리 중 [67/68]: channel_id=38
2026-01-28 17:16:02,205 - INFO - ================================================================================
2026-01-28 17:16:02,288 - INFO - [DEBUG] 채널 38 - 카테고리 조회 결과: []
2026-01-28 17:16:02,288 - INFO - [DEBUG] 채널 38 - 카테고리 없음
2026-01-28 17:16:02,290 - INFO - [SKIP] 채널 38 - 카테고리 없음
2026-01-28 17:16:02,290 - INFO - [SUCCESS] 채널 38 처리 완료: {'status': 'skip', 'reason': 'No data'}
2026-01-28 17:16:02,290 - INFO - 
================================================================================
2026-01-28 17:16:02,290 - INFO - 채널 처리 중 [68/68]: channel_id=39
2026-01-28 17:16:02,290 - INFO - ================================================================================
2026-01-28 17:16:02,373 - INFO - [DEBUG] 채널 39 - 카테고리 조회 결과: []
2026-01-28 17:16:02,373 - INFO - [DEBUG] 채널 39 - 카테고리 없음
2026-01-28 17:16:02,373 - INFO - [SKIP] 채널 39 - 카테고리 없음
2026-01-28 17:16:02,373 - INFO - [SUCCESS] 채널 39 처리 완료: {'status': 'skip', 'reason': 'No data'}
2026-01-28 17:16:02,373 - INFO - [COMPLETE] 카테고리 최적화 완료: 2026-01-28 17:16:02.373299
2026-01-28 17:18:18,273 - INFO - [START] 카테고리 최적화 시작: 2026-01-28 17:18:18.273528
2026-01-28 17:18:18,273 - INFO - [FETCH] 채널 목록 조회 중...
2026-01-28 17:18:18,364 - INFO - [SUCCESS] 총 68개 채널 발견
2026-01-28 17:18:18,364 - INFO - 
================================================================================
2026-01-28 17:18:18,364 - INFO - 채널 처리 중 [1/68]: channel_id=49
2026-01-28 17:18:18,364 - INFO - ================================================================================
2026-01-28 17:18:18,449 - INFO - [DEBUG] 채널 49 - 카테고리 조회 결과: []
2026-01-28 17:18:18,449 - INFO - [DEBUG] 채널 49 - 카테고리 없음
2026-01-28 17:18:18,449 - INFO - [SKIP] 채널 49 - 카테고리 없음
2026-01-28 17:18:18,449 - INFO - [SUCCESS] 채널 49 처리 완료: {'status': 'skip', 'reason': 'No data'}
2026-01-28 17:18:18,449 - INFO - 
================================================================================
2026-01-28 17:18:18,449 - INFO - 채널 처리 중 [2/68]: channel_id=16
2026-01-28 17:18:18,449 - INFO - ================================================================================
2026-01-28 17:18:18,540 - INFO - [DEBUG] 채널 16 - 카테고리 조회 결과: []
2026-01-28 17:18:18,540 - INFO - [DEBUG] 채널 16 - 카테고리 없음
2026-01-28 17:18:18,540 - INFO - [SKIP] 채널 16 - 카테고리 없음
2026-01-28 17:18:18,540 - INFO - [SUCCESS] 채널 16 처리 완료: {'status': 'skip', 'reason': 'No data'}
2026-01-28 17:18:18,540 - INFO - 
================================================================================
2026-01-28 17:18:18,540 - INFO - 채널 처리 중 [3/68]: channel_id=17
2026-01-28 17:18:18,540 - INFO - ================================================================================
2026-01-28 17:18:18,625 - INFO - [DEBUG] 채널 17 - 카테고리 조회 결과: []
2026-01-28 17:18:18,625 - INFO - [DEBUG] 채널 17 - 카테고리 없음
2026-01-28 17:18:18,625 - INFO - [SKIP] 채널 17 - 카테고리 없음
2026-01-28 17:18:18,625 - INFO - [SUCCESS] 채널 17 처리 완료: {'status': 'skip', 'reason': 'No data'}
2026-01-28 17:18:18,625 - INFO - 
================================================================================
2026-01-28 17:18:18,625 - INFO - 채널 처리 중 [4/68]: channel_id=50
2026-01-28 17:18:18,625 - INFO - ================================================================================
2026-01-28 17:18:18,709 - INFO - [DEBUG] 채널 50 - 카테고리 조회 결과: []
2026-01-28 17:18:18,709 - INFO - [DEBUG] 채널 50 - 카테고리 없음
2026-01-28 17:18:18,709 - INFO - [SKIP] 채널 50 - 카테고리 없음
2026-01-28 17:18:18,709 - INFO - [SUCCESS] 채널 50 처리 완료: {'status': 'skip', 'reason': 'No data'}
2026-01-28 17:18:18,709 - INFO - 
================================================================================
2026-01-28 17:18:18,709 - INFO - 채널 처리 중 [5/68]: channel_id=51
2026-01-28 17:18:18,709 - INFO - ================================================================================
2026-01-28 17:18:18,792 - INFO - [DEBUG] 채널 51 - 카테고리 조회 결과: []
2026-01-28 17:18:18,792 - INFO - [DEBUG] 채널 51 - 카테고리 없음
2026-01-28 17:18:18,792 - INFO - [SKIP] 채널 51 - 카테고리 없음
2026-01-28 17:18:18,792 - INFO - [SUCCESS] 채널 51 처리 완료: {'status': 'skip', 'reason': 'No data'}
2026-01-28 17:18:18,799 - INFO - 
================================================================================
2026-01-28 17:18:18,799 - INFO - 채널 처리 중 [6/68]: channel_id=18
2026-01-28 17:18:18,799 - INFO - ================================================================================
2026-01-28 17:18:18,884 - INFO - [DEBUG] 채널 18 - 카테고리 조회 결과: []
2026-01-28 17:18:18,884 - INFO - [DEBUG] 채널 18 - 카테고리 없음
2026-01-28 17:18:18,884 - INFO - [SKIP] 채널 18 - 카테고리 없음
2026-01-28 17:18:18,884 - INFO - [SUCCESS] 채널 18 처리 완료: {'status': 'skip', 'reason': 'No data'}
2026-01-28 17:18:18,884 - INFO - 
================================================================================
2026-01-28 17:18:18,884 - INFO - 채널 처리 중 [7/68]: channel_id=20
2026-01-28 17:18:18,884 - INFO - ================================================================================
2026-01-28 17:18:18,978 - INFO - [DEBUG] 채널 20 - 카테고리 조회 결과: []
2026-01-28 17:18:18,978 - INFO - [DEBUG] 채널 20 - 카테고리 없음
2026-01-28 17:18:18,978 - INFO - [SKIP] 채널 20 - 카테고리 없음
2026-01-28 17:18:18,978 - INFO - [SUCCESS] 채널 20 처리 완료: {'status': 'skip', 'reason': 'No data'}
2026-01-28 17:18:18,978 - INFO - 
================================================================================
2026-01-28 17:18:18,978 - INFO - 채널 처리 중 [8/68]: channel_id=15
2026-01-28 17:18:18,978 - INFO - ================================================================================
2026-01-28 17:18:19,063 - INFO - [DEBUG] 채널 15 - 카테고리 조회 결과: []
2026-01-28 17:18:19,064 - INFO - [DEBUG] 채널 15 - 카테고리 없음
2026-01-28 17:18:19,064 - INFO - [SKIP] 채널 15 - 카테고리 없음
2026-01-28 17:18:19,064 - INFO - [SUCCESS] 채널 15 처리 완료: {'status': 'skip', 'reason': 'No data'}
2026-01-28 17:18:19,064 - INFO - 
================================================================================
2026-01-28 17:18:19,064 - INFO - 채널 처리 중 [9/68]: channel_id=24
2026-01-28 17:18:19,064 - INFO - ================================================================================
2026-01-28 17:18:19,155 - INFO - [DEBUG] 채널 24 - 카테고리 조회 결과: []
2026-01-28 17:18:19,155 - INFO - [DEBUG] 채널 24 - 카테고리 없음
2026-01-28 17:18:19,155 - INFO - [SKIP] 채널 24 - 카테고리 없음
2026-01-28 17:18:19,155 - INFO - [SUCCESS] 채널 24 처리 완료: {'status': 'skip', 'reason': 'No data'}
2026-01-28 17:18:19,155 - INFO - 
================================================================================
2026-01-28 17:18:19,155 - INFO - 채널 처리 중 [10/68]: channel_id=67
2026-01-28 17:18:19,155 - INFO - ================================================================================
2026-01-28 17:18:19,231 - INFO - [DEBUG] 채널 67 - 카테고리 조회 결과: []
2026-01-28 17:18:19,238 - INFO - [DEBUG] 채널 67 - 카테고리 없음
2026-01-28 17:18:19,238 - INFO - [SKIP] 채널 67 - 카테고리 없음
2026-01-28 17:18:19,238 - INFO - [SUCCESS] 채널 67 처리 완료: {'status': 'skip', 'reason': 'No data'}
2026-01-28 17:18:19,238 - INFO - 
================================================================================
2026-01-28 17:18:19,238 - INFO - 채널 처리 중 [11/68]: channel_id=2
2026-01-28 17:18:19,238 - INFO - ================================================================================
2026-01-28 17:18:19,316 - INFO - [DEBUG] 채널 2 - 카테고리 조회 결과: []
2026-01-28 17:18:19,321 - INFO - [DEBUG] 채널 2 - 카테고리 없음
2026-01-28 17:18:19,321 - INFO - [SKIP] 채널 2 - 카테고리 없음
2026-01-28 17:18:19,321 - INFO - [SUCCESS] 채널 2 처리 완료: {'status': 'skip', 'reason': 'No data'}
2026-01-28 17:18:19,321 - INFO - 
================================================================================
2026-01-28 17:18:19,321 - INFO - 채널 처리 중 [12/68]: channel_id=4
2026-01-28 17:18:19,321 - INFO - ================================================================================
2026-01-28 17:18:19,404 - INFO - [DEBUG] 채널 4 - 카테고리 조회 결과: []
2026-01-28 17:18:19,408 - INFO - [DEBUG] 채널 4 - 카테고리 없음
2026-01-28 17:18:19,408 - INFO - [SKIP] 채널 4 - 카테고리 없음
2026-01-28 17:18:19,408 - INFO - [SUCCESS] 채널 4 처리 완료: {'status': 'skip', 'reason': 'No data'}
2026-01-28 17:18:19,408 - INFO - 
================================================================================
2026-01-28 17:18:19,408 - INFO - 채널 처리 중 [13/68]: channel_id=6
2026-01-28 17:18:19,408 - INFO - ================================================================================
2026-01-28 17:18:19,497 - INFO - [DEBUG] 채널 6 - 카테고리 조회 결과: []
2026-01-28 17:18:19,497 - INFO - [DEBUG] 채널 6 - 카테고리 없음
2026-01-28 17:18:19,497 - INFO - [SKIP] 채널 6 - 카테고리 없음
2026-01-28 17:18:19,497 - INFO - [SUCCESS] 채널 6 처리 완료: {'status': 'skip', 'reason': 'No data'}
2026-01-28 17:18:19,497 - INFO - 
================================================================================
2026-01-28 17:18:19,497 - INFO - 채널 처리 중 [14/68]: channel_id=9
2026-01-28 17:18:19,497 - INFO - ================================================================================
2026-01-28 17:18:19,581 - INFO - [DEBUG] 채널 9 - 카테고리 조회 결과: []
2026-01-28 17:18:19,581 - INFO - [DEBUG] 채널 9 - 카테고리 없음
2026-01-28 17:18:19,581 - INFO - [SKIP] 채널 9 - 카테고리 없음
2026-01-28 17:18:19,581 - INFO - [SUCCESS] 채널 9 처리 완료: {'status': 'skip', 'reason': 'No data'}
2026-01-28 17:18:19,581 - INFO - 
================================================================================
2026-01-28 17:18:19,581 - INFO - 채널 처리 중 [15/68]: channel_id=10
2026-01-28 17:18:19,581 - INFO - ================================================================================
2026-01-28 17:18:19,685 - INFO - [DEBUG] 채널 10 - 카테고리 조회 결과: []
2026-01-28 17:18:19,685 - INFO - [DEBUG] 채널 10 - 카테고리 없음
2026-01-28 17:18:19,685 - INFO - [SKIP] 채널 10 - 카테고리 없음
2026-01-28 17:18:19,685 - INFO - [SUCCESS] 채널 10 처리 완료: {'status': 'skip', 'reason': 'No data'}
2026-01-28 17:18:19,685 - INFO - 
================================================================================
2026-01-28 17:18:19,685 - INFO - 채널 처리 중 [16/68]: channel_id=3
2026-01-28 17:18:19,685 - INFO - ================================================================================
2026-01-28 17:18:19,784 - INFO - [DEBUG] 채널 3 - 카테고리 조회 결과: []
2026-01-28 17:18:19,784 - INFO - [DEBUG] 채널 3 - 카테고리 없음
2026-01-28 17:18:19,784 - INFO - [SKIP] 채널 3 - 카테고리 없음
2026-01-28 17:18:19,784 - INFO - [SUCCESS] 채널 3 처리 완료: {'status': 'skip', 'reason': 'No data'}
2026-01-28 17:18:19,784 - INFO - 
================================================================================
2026-01-28 17:18:19,784 - INFO - 채널 처리 중 [17/68]: channel_id=11
2026-01-28 17:18:19,784 - INFO - ================================================================================
2026-01-28 17:18:19,873 - INFO - [DEBUG] 채널 11 - 카테고리 조회 결과: []
2026-01-28 17:18:19,873 - INFO - [DEBUG] 채널 11 - 카테고리 없음
2026-01-28 17:18:19,873 - INFO - [SKIP] 채널 11 - 카테고리 없음
2026-01-28 17:18:19,873 - INFO - [SUCCESS] 채널 11 처리 완료: {'status': 'skip', 'reason': 'No data'}
2026-01-28 17:18:19,873 - INFO - 
================================================================================
2026-01-28 17:18:19,873 - INFO - 채널 처리 중 [18/68]: channel_id=43
2026-01-28 17:18:19,873 - INFO - ================================================================================
2026-01-28 17:18:19,965 - INFO - [DEBUG] 채널 43 - 카테고리 조회 결과: []
2026-01-28 17:18:19,965 - INFO - [DEBUG] 채널 43 - 카테고리 없음
2026-01-28 17:18:19,965 - INFO - [SKIP] 채널 43 - 카테고리 없음
2026-01-28 17:18:19,965 - INFO - [SUCCESS] 채널 43 처리 완료: {'status': 'skip', 'reason': 'No data'}
2026-01-28 17:18:19,965 - INFO - 
================================================================================
2026-01-28 17:18:19,965 - INFO - 채널 처리 중 [19/68]: channel_id=52
2026-01-28 17:18:19,965 - INFO - ================================================================================
2026-01-28 17:18:20,048 - INFO - [DEBUG] 채널 52 - 카테고리 조회 결과: []
2026-01-28 17:18:20,048 - INFO - [DEBUG] 채널 52 - 카테고리 없음
2026-01-28 17:18:20,048 - INFO - [SKIP] 채널 52 - 카테고리 없음
2026-01-28 17:18:20,048 - INFO - [SUCCESS] 채널 52 처리 완료: {'status': 'skip', 'reason': 'No data'}
2026-01-28 17:18:20,048 - INFO - 
================================================================================
2026-01-28 17:18:20,048 - INFO - 채널 처리 중 [20/68]: channel_id=53
2026-01-28 17:18:20,048 - INFO - ================================================================================
2026-01-28 17:18:20,131 - INFO - [DEBUG] 채널 53 - 카테고리 조회 결과: []
2026-01-28 17:18:20,131 - INFO - [DEBUG] 채널 53 - 카테고리 없음
2026-01-28 17:18:20,131 - INFO - [SKIP] 채널 53 - 카테고리 없음
2026-01-28 17:18:20,131 - INFO - [SUCCESS] 채널 53 처리 완료: {'status': 'skip', 'reason': 'No data'}
2026-01-28 17:18:20,131 - INFO - 
================================================================================
2026-01-28 17:18:20,131 - INFO - 채널 처리 중 [21/68]: channel_id=44
2026-01-28 17:18:20,131 - INFO - ================================================================================
2026-01-28 17:18:20,214 - INFO - [DEBUG] 채널 44 - 카테고리 조회 결과: []
2026-01-28 17:18:20,214 - INFO - [DEBUG] 채널 44 - 카테고리 없음
2026-01-28 17:18:20,214 - INFO - [SKIP] 채널 44 - 카테고리 없음
2026-01-28 17:18:20,214 - INFO - [SUCCESS] 채널 44 처리 완료: {'status': 'skip', 'reason': 'No data'}
2026-01-28 17:18:20,214 - INFO - 
================================================================================
2026-01-28 17:18:20,214 - INFO - 채널 처리 중 [22/68]: channel_id=12
2026-01-28 17:18:20,214 - INFO - ================================================================================
2026-01-28 17:18:20,296 - INFO - [DEBUG] 채널 12 - 카테고리 조회 결과: []
2026-01-28 17:18:20,296 - INFO - [DEBUG] 채널 12 - 카테고리 없음
2026-01-28 17:18:20,296 - INFO - [SKIP] 채널 12 - 카테고리 없음
2026-01-28 17:18:20,296 - INFO - [SUCCESS] 채널 12 처리 완료: {'status': 'skip', 'reason': 'No data'}
2026-01-28 17:18:20,303 - INFO - 
================================================================================
2026-01-28 17:18:20,303 - INFO - 채널 처리 중 [23/68]: channel_id=1
2026-01-28 17:18:20,303 - INFO - ================================================================================
2026-01-28 17:18:20,388 - INFO - [DEBUG] 채널 1 - 카테고리 조회 결과: [{'category_id': 1, 'category_name': '기타'}, {'category_id': 3, 'category_name': '취업특강정보'}]
2026-01-28 17:18:20,473 - INFO - [DEBUG] 채널 1 - 총 게시글 수: 52
2026-01-28 17:18:20,560 - INFO - [DEBUG] 채널 1 - 기타 카테고리 게시글 수: 51
2026-01-28 17:18:20,560 - INFO - [DEBUG] 채널 1 - is_initial: False, post_count: 52, etc_ratio: 98.08%
2026-01-28 17:18:20,561 - INFO - [DEBUG] 채널 1 상태 - is_initial=False, post_count=52, etc_ratio=98.08%
2026-01-28 17:18:20,561 - INFO - [TRACK_B] 진입: 채널 1 (etc_ratio=98.08%)
2026-01-28 17:18:24,370 - INFO - [VALID] 유효 주제: 개발 관련 문제 해결 도움 요청 (12/51 = 23.5%)
2026-01-28 17:18:24,370 - INFO - [VALID] 유효 주제: 스터디/모임 모집 (14/51 = 27.5%)
2026-01-28 17:18:24,370 - INFO - [VALID] 유효 주제: 식사/음료 함께 하실 분 모집 (8/51 = 15.7%)
2026-01-28 17:18:25,304 - INFO - [SUCCESS] Track B 완료: 채널 1, 신규 카테고리 3개, 분류 33건
2026-01-28 17:18:25,305 - INFO - [SUCCESS] 채널 1 처리 완료: {'status': 'success', 'track': 'B', 'new_categories': 3, 'classified_posts': 33}
2026-01-28 17:18:25,305 - INFO - 
================================================================================
2026-01-28 17:18:25,305 - INFO - 채널 처리 중 [24/68]: channel_id=5
2026-01-28 17:18:25,305 - INFO - ================================================================================
2026-01-28 17:18:25,397 - INFO - [DEBUG] 채널 5 - 카테고리 조회 결과: []
2026-01-28 17:18:25,397 - INFO - [DEBUG] 채널 5 - 카테고리 없음
2026-01-28 17:18:25,397 - INFO - [SKIP] 채널 5 - 카테고리 없음
2026-01-28 17:18:25,397 - INFO - [SUCCESS] 채널 5 처리 완료: {'status': 'skip', 'reason': 'No data'}
2026-01-28 17:18:25,397 - INFO - 
================================================================================
2026-01-28 17:18:25,397 - INFO - 채널 처리 중 [25/68]: channel_id=54
2026-01-28 17:18:25,397 - INFO - ================================================================================
2026-01-28 17:18:25,479 - INFO - [DEBUG] 채널 54 - 카테고리 조회 결과: []
2026-01-28 17:18:25,479 - INFO - [DEBUG] 채널 54 - 카테고리 없음
2026-01-28 17:18:25,479 - INFO - [SKIP] 채널 54 - 카테고리 없음
2026-01-28 17:18:25,479 - INFO - [SUCCESS] 채널 54 처리 완료: {'status': 'skip', 'reason': 'No data'}
2026-01-28 17:18:25,479 - INFO - 
================================================================================
2026-01-28 17:18:25,479 - INFO - 채널 처리 중 [26/68]: channel_id=7
2026-01-28 17:18:25,479 - INFO - ================================================================================
2026-01-28 17:18:25,572 - INFO - [DEBUG] 채널 7 - 카테고리 조회 결과: []
2026-01-28 17:18:25,572 - INFO - [DEBUG] 채널 7 - 카테고리 없음
2026-01-28 17:18:25,572 - INFO - [SKIP] 채널 7 - 카테고리 없음
2026-01-28 17:18:25,573 - INFO - [SUCCESS] 채널 7 처리 완료: {'status': 'skip', 'reason': 'No data'}
2026-01-28 17:18:25,573 - INFO - 
================================================================================
2026-01-28 17:18:25,573 - INFO - 채널 처리 중 [27/68]: channel_id=22
2026-01-28 17:18:25,573 - INFO - ================================================================================
2026-01-28 17:18:25,654 - INFO - [DEBUG] 채널 22 - 카테고리 조회 결과: []
2026-01-28 17:18:25,654 - INFO - [DEBUG] 채널 22 - 카테고리 없음
2026-01-28 17:18:25,662 - INFO - [SKIP] 채널 22 - 카테고리 없음
2026-01-28 17:18:25,662 - INFO - [SUCCESS] 채널 22 처리 완료: {'status': 'skip', 'reason': 'No data'}
2026-01-28 17:18:25,662 - INFO - 
================================================================================
2026-01-28 17:18:25,662 - INFO - 채널 처리 중 [28/68]: channel_id=8
2026-01-28 17:18:25,662 - INFO - ================================================================================
2026-01-28 17:18:25,746 - INFO - [DEBUG] 채널 8 - 카테고리 조회 결과: []
2026-01-28 17:18:25,748 - INFO - [DEBUG] 채널 8 - 카테고리 없음
2026-01-28 17:18:25,748 - INFO - [SKIP] 채널 8 - 카테고리 없음
2026-01-28 17:18:25,748 - INFO - [SUCCESS] 채널 8 처리 완료: {'status': 'skip', 'reason': 'No data'}
2026-01-28 17:18:25,748 - INFO - 
================================================================================
2026-01-28 17:18:25,748 - INFO - 채널 처리 중 [29/68]: channel_id=55
2026-01-28 17:18:25,748 - INFO - ================================================================================
2026-01-28 17:18:25,839 - INFO - [DEBUG] 채널 55 - 카테고리 조회 결과: []
2026-01-28 17:18:25,839 - INFO - [DEBUG] 채널 55 - 카테고리 없음
2026-01-28 17:18:25,839 - INFO - [SKIP] 채널 55 - 카테고리 없음
2026-01-28 17:18:25,839 - INFO - [SUCCESS] 채널 55 처리 완료: {'status': 'skip', 'reason': 'No data'}
2026-01-28 17:18:25,839 - INFO - 
================================================================================
2026-01-28 17:18:25,839 - INFO - 채널 처리 중 [30/68]: channel_id=45
2026-01-28 17:18:25,839 - INFO - ================================================================================
2026-01-28 17:18:25,932 - INFO - [DEBUG] 채널 45 - 카테고리 조회 결과: []
2026-01-28 17:18:25,932 - INFO - [DEBUG] 채널 45 - 카테고리 없음
2026-01-28 17:18:25,932 - INFO - [SKIP] 채널 45 - 카테고리 없음
2026-01-28 17:18:25,932 - INFO - [SUCCESS] 채널 45 처리 완료: {'status': 'skip', 'reason': 'No data'}
2026-01-28 17:18:25,932 - INFO - 
================================================================================
2026-01-28 17:18:25,932 - INFO - 채널 처리 중 [31/68]: channel_id=23
2026-01-28 17:18:25,932 - INFO - ================================================================================
2026-01-28 17:18:26,023 - INFO - [DEBUG] 채널 23 - 카테고리 조회 결과: []
2026-01-28 17:18:26,023 - INFO - [DEBUG] 채널 23 - 카테고리 없음
2026-01-28 17:18:26,023 - INFO - [SKIP] 채널 23 - 카테고리 없음
2026-01-28 17:18:26,023 - INFO - [SUCCESS] 채널 23 처리 완료: {'status': 'skip', 'reason': 'No data'}
2026-01-28 17:18:26,023 - INFO - 
================================================================================
2026-01-28 17:18:26,023 - INFO - 채널 처리 중 [32/68]: channel_id=13
2026-01-28 17:18:26,023 - INFO - ================================================================================
2026-01-28 17:18:26,108 - INFO - [DEBUG] 채널 13 - 카테고리 조회 결과: []
2026-01-28 17:18:26,108 - INFO - [DEBUG] 채널 13 - 카테고리 없음
2026-01-28 17:18:26,108 - INFO - [SKIP] 채널 13 - 카테고리 없음
2026-01-28 17:18:26,108 - INFO - [SUCCESS] 채널 13 처리 완료: {'status': 'skip', 'reason': 'No data'}
2026-01-28 17:18:26,108 - INFO - 
================================================================================
2026-01-28 17:18:26,108 - INFO - 채널 처리 중 [33/68]: channel_id=26
2026-01-28 17:18:26,108 - INFO - ================================================================================
2026-01-28 17:18:26,190 - INFO - [DEBUG] 채널 26 - 카테고리 조회 결과: []
2026-01-28 17:18:26,199 - INFO - [DEBUG] 채널 26 - 카테고리 없음
2026-01-28 17:18:26,199 - INFO - [SKIP] 채널 26 - 카테고리 없음
2026-01-28 17:18:26,199 - INFO - [SUCCESS] 채널 26 처리 완료: {'status': 'skip', 'reason': 'No data'}
2026-01-28 17:18:26,199 - INFO - 
================================================================================
2026-01-28 17:18:26,199 - INFO - 채널 처리 중 [34/68]: channel_id=56
2026-01-28 17:18:26,199 - INFO - ================================================================================
2026-01-28 17:18:26,282 - INFO - [DEBUG] 채널 56 - 카테고리 조회 결과: []
2026-01-28 17:18:26,282 - INFO - [DEBUG] 채널 56 - 카테고리 없음
2026-01-28 17:18:26,282 - INFO - [SKIP] 채널 56 - 카테고리 없음
2026-01-28 17:18:26,282 - INFO - [SUCCESS] 채널 56 처리 완료: {'status': 'skip', 'reason': 'No data'}
2026-01-28 17:18:26,282 - INFO - 
================================================================================
2026-01-28 17:18:26,282 - INFO - 채널 처리 중 [35/68]: channel_id=14
2026-01-28 17:18:26,282 - INFO - ================================================================================
2026-01-28 17:18:26,371 - INFO - [DEBUG] 채널 14 - 카테고리 조회 결과: []
2026-01-28 17:18:26,371 - INFO - [DEBUG] 채널 14 - 카테고리 없음
2026-01-28 17:18:26,371 - INFO - [SKIP] 채널 14 - 카테고리 없음
2026-01-28 17:18:26,371 - INFO - [SUCCESS] 채널 14 처리 완료: {'status': 'skip', 'reason': 'No data'}
2026-01-28 17:18:26,371 - INFO - 
================================================================================
2026-01-28 17:18:26,371 - INFO - 채널 처리 중 [36/68]: channel_id=68
2026-01-28 17:18:26,371 - INFO - ================================================================================
2026-01-28 17:18:26,458 - INFO - [DEBUG] 채널 68 - 카테고리 조회 결과: []
2026-01-28 17:18:26,458 - INFO - [DEBUG] 채널 68 - 카테고리 없음
2026-01-28 17:18:26,458 - INFO - [SKIP] 채널 68 - 카테고리 없음
2026-01-28 17:18:26,458 - INFO - [SUCCESS] 채널 68 처리 완료: {'status': 'skip', 'reason': 'No data'}
2026-01-28 17:18:26,458 - INFO - 
================================================================================
2026-01-28 17:18:26,458 - INFO - 채널 처리 중 [37/68]: channel_id=28
2026-01-28 17:18:26,458 - INFO - ================================================================================
2026-01-28 17:18:26,548 - INFO - [DEBUG] 채널 28 - 카테고리 조회 결과: []
2026-01-28 17:18:26,552 - INFO - [DEBUG] 채널 28 - 카테고리 없음
2026-01-28 17:18:26,552 - INFO - [SKIP] 채널 28 - 카테고리 없음
2026-01-28 17:18:26,552 - INFO - [SUCCESS] 채널 28 처리 완료: {'status': 'skip', 'reason': 'No data'}
2026-01-28 17:18:26,552 - INFO - 
================================================================================
2026-01-28 17:18:26,552 - INFO - 채널 처리 중 [38/68]: channel_id=46
2026-01-28 17:18:26,552 - INFO - ================================================================================
2026-01-28 17:18:26,635 - INFO - [DEBUG] 채널 46 - 카테고리 조회 결과: []
2026-01-28 17:18:26,635 - INFO - [DEBUG] 채널 46 - 카테고리 없음
2026-01-28 17:18:26,635 - INFO - [SKIP] 채널 46 - 카테고리 없음
2026-01-28 17:18:26,636 - INFO - [SUCCESS] 채널 46 처리 완료: {'status': 'skip', 'reason': 'No data'}
2026-01-28 17:18:26,636 - INFO - 
================================================================================
2026-01-28 17:18:26,636 - INFO - 채널 처리 중 [39/68]: channel_id=47
2026-01-28 17:18:26,636 - INFO - ================================================================================
2026-01-28 17:18:26,718 - INFO - [DEBUG] 채널 47 - 카테고리 조회 결과: []
2026-01-28 17:18:26,722 - INFO - [DEBUG] 채널 47 - 카테고리 없음
2026-01-28 17:18:26,722 - INFO - [SKIP] 채널 47 - 카테고리 없음
2026-01-28 17:18:26,722 - INFO - [SUCCESS] 채널 47 처리 완료: {'status': 'skip', 'reason': 'No data'}
2026-01-28 17:18:26,722 - INFO - 
================================================================================
2026-01-28 17:18:26,722 - INFO - 채널 처리 중 [40/68]: channel_id=48
2026-01-28 17:18:26,722 - INFO - ================================================================================
2026-01-28 17:18:26,806 - INFO - [DEBUG] 채널 48 - 카테고리 조회 결과: []
2026-01-28 17:18:26,806 - INFO - [DEBUG] 채널 48 - 카테고리 없음
2026-01-28 17:18:26,806 - INFO - [SKIP] 채널 48 - 카테고리 없음
2026-01-28 17:18:26,806 - INFO - [SUCCESS] 채널 48 처리 완료: {'status': 'skip', 'reason': 'No data'}
2026-01-28 17:18:26,806 - INFO - 
================================================================================
2026-01-28 17:18:26,806 - INFO - 채널 처리 중 [41/68]: channel_id=33
2026-01-28 17:18:26,806 - INFO - ================================================================================
2026-01-28 17:18:26,884 - INFO - [DEBUG] 채널 33 - 카테고리 조회 결과: []
2026-01-28 17:18:26,884 - INFO - [DEBUG] 채널 33 - 카테고리 없음
2026-01-28 17:18:26,884 - INFO - [SKIP] 채널 33 - 카테고리 없음
2026-01-28 17:18:26,884 - INFO - [SUCCESS] 채널 33 처리 완료: {'status': 'skip', 'reason': 'No data'}
2026-01-28 17:18:26,889 - INFO - 
================================================================================
2026-01-28 17:18:26,889 - INFO - 채널 처리 중 [42/68]: channel_id=57
2026-01-28 17:18:26,889 - INFO - ================================================================================
2026-01-28 17:18:26,977 - INFO - [DEBUG] 채널 57 - 카테고리 조회 결과: []
2026-01-28 17:18:26,978 - INFO - [DEBUG] 채널 57 - 카테고리 없음
2026-01-28 17:18:26,978 - INFO - [SKIP] 채널 57 - 카테고리 없음
2026-01-28 17:18:26,978 - INFO - [SUCCESS] 채널 57 처리 완료: {'status': 'skip', 'reason': 'No data'}
2026-01-28 17:18:26,978 - INFO - 
================================================================================
2026-01-28 17:18:26,978 - INFO - 채널 처리 중 [43/68]: channel_id=41
2026-01-28 17:18:26,978 - INFO - ================================================================================
2026-01-28 17:18:27,064 - INFO - [DEBUG] 채널 41 - 카테고리 조회 결과: []
2026-01-28 17:18:27,064 - INFO - [DEBUG] 채널 41 - 카테고리 없음
2026-01-28 17:18:27,064 - INFO - [SKIP] 채널 41 - 카테고리 없음
2026-01-28 17:18:27,064 - INFO - [SUCCESS] 채널 41 처리 완료: {'status': 'skip', 'reason': 'No data'}
2026-01-28 17:18:27,072 - INFO - 
================================================================================
2026-01-28 17:18:27,072 - INFO - 채널 처리 중 [44/68]: channel_id=34
2026-01-28 17:18:27,072 - INFO - ================================================================================
2026-01-28 17:18:27,149 - INFO - [DEBUG] 채널 34 - 카테고리 조회 결과: []
2026-01-28 17:18:27,155 - INFO - [DEBUG] 채널 34 - 카테고리 없음
2026-01-28 17:18:27,155 - INFO - [SKIP] 채널 34 - 카테고리 없음
2026-01-28 17:18:27,155 - INFO - [SUCCESS] 채널 34 처리 완료: {'status': 'skip', 'reason': 'No data'}
2026-01-28 17:18:27,155 - INFO - 
================================================================================
2026-01-28 17:18:27,155 - INFO - 채널 처리 중 [45/68]: channel_id=35
2026-01-28 17:18:27,155 - INFO - ================================================================================
2026-01-28 17:18:27,238 - INFO - [DEBUG] 채널 35 - 카테고리 조회 결과: []
2026-01-28 17:18:27,238 - INFO - [DEBUG] 채널 35 - 카테고리 없음
2026-01-28 17:18:27,240 - INFO - [SKIP] 채널 35 - 카테고리 없음
2026-01-28 17:18:27,240 - INFO - [SUCCESS] 채널 35 처리 완료: {'status': 'skip', 'reason': 'No data'}
2026-01-28 17:18:27,240 - INFO - 
================================================================================
2026-01-28 17:18:27,240 - INFO - 채널 처리 중 [46/68]: channel_id=36
2026-01-28 17:18:27,240 - INFO - ================================================================================
2026-01-28 17:18:27,324 - INFO - [DEBUG] 채널 36 - 카테고리 조회 결과: []
2026-01-28 17:18:27,324 - INFO - [DEBUG] 채널 36 - 카테고리 없음
2026-01-28 17:18:27,324 - INFO - [SKIP] 채널 36 - 카테고리 없음
2026-01-28 17:18:27,324 - INFO - [SUCCESS] 채널 36 처리 완료: {'status': 'skip', 'reason': 'No data'}
2026-01-28 17:18:27,324 - INFO - 
================================================================================
2026-01-28 17:18:27,324 - INFO - 채널 처리 중 [47/68]: channel_id=58
2026-01-28 17:18:27,324 - INFO - ================================================================================
2026-01-28 17:18:27,403 - INFO - [DEBUG] 채널 58 - 카테고리 조회 결과: []
2026-01-28 17:18:27,403 - INFO - [DEBUG] 채널 58 - 카테고리 없음
2026-01-28 17:18:27,403 - INFO - [SKIP] 채널 58 - 카테고리 없음
2026-01-28 17:18:27,403 - INFO - [SUCCESS] 채널 58 처리 완료: {'status': 'skip', 'reason': 'No data'}
2026-01-28 17:18:27,403 - INFO - 
================================================================================
2026-01-28 17:18:27,403 - INFO - 채널 처리 중 [48/68]: channel_id=42
2026-01-28 17:18:27,403 - INFO - ================================================================================
2026-01-28 17:18:27,491 - INFO - [DEBUG] 채널 42 - 카테고리 조회 결과: []
2026-01-28 17:18:27,491 - INFO - [DEBUG] 채널 42 - 카테고리 없음
2026-01-28 17:18:27,491 - INFO - [SKIP] 채널 42 - 카테고리 없음
2026-01-28 17:18:27,491 - INFO - [SUCCESS] 채널 42 처리 완료: {'status': 'skip', 'reason': 'No data'}
2026-01-28 17:18:27,491 - INFO - 
================================================================================
2026-01-28 17:18:27,491 - INFO - 채널 처리 중 [49/68]: channel_id=37
2026-01-28 17:18:27,491 - INFO - ================================================================================
2026-01-28 17:18:27,575 - INFO - [DEBUG] 채널 37 - 카테고리 조회 결과: []
2026-01-28 17:18:27,575 - INFO - [DEBUG] 채널 37 - 카테고리 없음
2026-01-28 17:18:27,575 - INFO - [SKIP] 채널 37 - 카테고리 없음
2026-01-28 17:18:27,575 - INFO - [SUCCESS] 채널 37 처리 완료: {'status': 'skip', 'reason': 'No data'}
2026-01-28 17:18:27,575 - INFO - 
================================================================================
2026-01-28 17:18:27,575 - INFO - 채널 처리 중 [50/68]: channel_id=38
2026-01-28 17:18:27,575 - INFO - ================================================================================
2026-01-28 17:18:27,652 - INFO - [DEBUG] 채널 38 - 카테고리 조회 결과: []
2026-01-28 17:18:27,652 - INFO - [DEBUG] 채널 38 - 카테고리 없음
2026-01-28 17:18:27,652 - INFO - [SKIP] 채널 38 - 카테고리 없음
2026-01-28 17:18:27,652 - INFO - [SUCCESS] 채널 38 처리 완료: {'status': 'skip', 'reason': 'No data'}
2026-01-28 17:18:27,652 - INFO - 
================================================================================
2026-01-28 17:18:27,652 - INFO - 채널 처리 중 [51/68]: channel_id=59
2026-01-28 17:18:27,652 - INFO - ================================================================================
2026-01-28 17:18:27,745 - INFO - [DEBUG] 채널 59 - 카테고리 조회 결과: []
2026-01-28 17:18:27,745 - INFO - [DEBUG] 채널 59 - 카테고리 없음
2026-01-28 17:18:27,745 - INFO - [SKIP] 채널 59 - 카테고리 없음
2026-01-28 17:18:27,745 - INFO - [SUCCESS] 채널 59 처리 완료: {'status': 'skip', 'reason': 'No data'}
2026-01-28 17:18:27,745 - INFO - 
================================================================================
2026-01-28 17:18:27,745 - INFO - 채널 처리 중 [52/68]: channel_id=60
2026-01-28 17:18:27,745 - INFO - ================================================================================
2026-01-28 17:18:27,838 - INFO - [DEBUG] 채널 60 - 카테고리 조회 결과: []
2026-01-28 17:18:27,838 - INFO - [DEBUG] 채널 60 - 카테고리 없음
2026-01-28 17:18:27,838 - INFO - [SKIP] 채널 60 - 카테고리 없음
2026-01-28 17:18:27,838 - INFO - [SUCCESS] 채널 60 처리 완료: {'status': 'skip', 'reason': 'No data'}
2026-01-28 17:18:27,838 - INFO - 
================================================================================
2026-01-28 17:18:27,838 - INFO - 채널 처리 중 [53/68]: channel_id=61
2026-01-28 17:18:27,838 - INFO - ================================================================================
2026-01-28 17:18:27,931 - INFO - [DEBUG] 채널 61 - 카테고리 조회 결과: []
2026-01-28 17:18:27,931 - INFO - [DEBUG] 채널 61 - 카테고리 없음
2026-01-28 17:18:27,931 - INFO - [SKIP] 채널 61 - 카테고리 없음
2026-01-28 17:18:27,931 - INFO - [SUCCESS] 채널 61 처리 완료: {'status': 'skip', 'reason': 'No data'}
2026-01-28 17:18:27,931 - INFO - 
================================================================================
2026-01-28 17:18:27,931 - INFO - 채널 처리 중 [54/68]: channel_id=39
2026-01-28 17:18:27,931 - INFO - ================================================================================
2026-01-28 17:18:28,015 - INFO - [DEBUG] 채널 39 - 카테고리 조회 결과: []
2026-01-28 17:18:28,015 - INFO - [DEBUG] 채널 39 - 카테고리 없음
2026-01-28 17:18:28,024 - INFO - [SKIP] 채널 39 - 카테고리 없음
2026-01-28 17:18:28,024 - INFO - [SUCCESS] 채널 39 처리 완료: {'status': 'skip', 'reason': 'No data'}
2026-01-28 17:18:28,024 - INFO - 
================================================================================
2026-01-28 17:18:28,024 - INFO - 채널 처리 중 [55/68]: channel_id=62
2026-01-28 17:18:28,024 - INFO - ================================================================================
2026-01-28 17:18:28,115 - INFO - [DEBUG] 채널 62 - 카테고리 조회 결과: []
2026-01-28 17:18:28,115 - INFO - [DEBUG] 채널 62 - 카테고리 없음
2026-01-28 17:18:28,115 - INFO - [SKIP] 채널 62 - 카테고리 없음
2026-01-28 17:18:28,115 - INFO - [SUCCESS] 채널 62 처리 완료: {'status': 'skip', 'reason': 'No data'}
2026-01-28 17:18:28,115 - INFO - 
================================================================================
2026-01-28 17:18:28,115 - INFO - 채널 처리 중 [56/68]: channel_id=63
2026-01-28 17:18:28,115 - INFO - ================================================================================
2026-01-28 17:18:28,211 - INFO - [DEBUG] 채널 63 - 카테고리 조회 결과: []
2026-01-28 17:18:28,211 - INFO - [DEBUG] 채널 63 - 카테고리 없음
2026-01-28 17:18:28,211 - INFO - [SKIP] 채널 63 - 카테고리 없음
2026-01-28 17:18:28,212 - INFO - [SUCCESS] 채널 63 처리 완료: {'status': 'skip', 'reason': 'No data'}
2026-01-28 17:18:28,212 - INFO - 
================================================================================
2026-01-28 17:18:28,212 - INFO - 채널 처리 중 [57/68]: channel_id=64
2026-01-28 17:18:28,212 - INFO - ================================================================================
2026-01-28 17:18:28,305 - INFO - [DEBUG] 채널 64 - 카테고리 조회 결과: []
2026-01-28 17:18:28,305 - INFO - [DEBUG] 채널 64 - 카테고리 없음
2026-01-28 17:18:28,305 - INFO - [SKIP] 채널 64 - 카테고리 없음
2026-01-28 17:18:28,305 - INFO - [SUCCESS] 채널 64 처리 완료: {'status': 'skip', 'reason': 'No data'}
2026-01-28 17:18:28,305 - INFO - 
================================================================================
2026-01-28 17:18:28,305 - INFO - 채널 처리 중 [58/68]: channel_id=65
2026-01-28 17:18:28,305 - INFO - ================================================================================
2026-01-28 17:18:28,390 - INFO - [DEBUG] 채널 65 - 카테고리 조회 결과: []
2026-01-28 17:18:28,390 - INFO - [DEBUG] 채널 65 - 카테고리 없음
2026-01-28 17:18:28,390 - INFO - [SKIP] 채널 65 - 카테고리 없음
2026-01-28 17:18:28,390 - INFO - [SUCCESS] 채널 65 처리 완료: {'status': 'skip', 'reason': 'No data'}
2026-01-28 17:18:28,390 - INFO - 
================================================================================
2026-01-28 17:18:28,390 - INFO - 채널 처리 중 [59/68]: channel_id=66
2026-01-28 17:18:28,390 - INFO - ================================================================================
2026-01-28 17:18:28,474 - INFO - [DEBUG] 채널 66 - 카테고리 조회 결과: []
2026-01-28 17:18:28,474 - INFO - [DEBUG] 채널 66 - 카테고리 없음
2026-01-28 17:18:28,474 - INFO - [SKIP] 채널 66 - 카테고리 없음
2026-01-28 17:18:28,474 - INFO - [SUCCESS] 채널 66 처리 완료: {'status': 'skip', 'reason': 'No data'}
2026-01-28 17:18:28,474 - INFO - 
================================================================================
2026-01-28 17:18:28,481 - INFO - 채널 처리 중 [60/68]: channel_id=40
2026-01-28 17:18:28,481 - INFO - ================================================================================
2026-01-28 17:18:28,564 - INFO - [DEBUG] 채널 40 - 카테고리 조회 결과: []
2026-01-28 17:18:28,564 - INFO - [DEBUG] 채널 40 - 카테고리 없음
2026-01-28 17:18:28,564 - INFO - [SKIP] 채널 40 - 카테고리 없음
2026-01-28 17:18:28,564 - INFO - [SUCCESS] 채널 40 처리 완료: {'status': 'skip', 'reason': 'No data'}
2026-01-28 17:18:28,564 - INFO - 
================================================================================
2026-01-28 17:18:28,564 - INFO - 채널 처리 중 [61/68]: channel_id=19
2026-01-28 17:18:28,564 - INFO - ================================================================================
2026-01-28 17:18:28,657 - INFO - [DEBUG] 채널 19 - 카테고리 조회 결과: []
2026-01-28 17:18:28,657 - INFO - [DEBUG] 채널 19 - 카테고리 없음
2026-01-28 17:18:28,657 - INFO - [SKIP] 채널 19 - 카테고리 없음
2026-01-28 17:18:28,657 - INFO - [SUCCESS] 채널 19 처리 완료: {'status': 'skip', 'reason': 'No data'}
2026-01-28 17:18:28,657 - INFO - 
================================================================================
2026-01-28 17:18:28,657 - INFO - 채널 처리 중 [62/68]: channel_id=21
2026-01-28 17:18:28,657 - INFO - ================================================================================
2026-01-28 17:18:28,752 - INFO - [DEBUG] 채널 21 - 카테고리 조회 결과: []
2026-01-28 17:18:28,752 - INFO - [DEBUG] 채널 21 - 카테고리 없음
2026-01-28 17:18:28,752 - INFO - [SKIP] 채널 21 - 카테고리 없음
2026-01-28 17:18:28,753 - INFO - [SUCCESS] 채널 21 처리 완료: {'status': 'skip', 'reason': 'No data'}
2026-01-28 17:18:28,753 - INFO - 
================================================================================
2026-01-28 17:18:28,753 - INFO - 채널 처리 중 [63/68]: channel_id=25
2026-01-28 17:18:28,753 - INFO - ================================================================================
2026-01-28 17:18:28,834 - INFO - [DEBUG] 채널 25 - 카테고리 조회 결과: []
2026-01-28 17:18:28,834 - INFO - [DEBUG] 채널 25 - 카테고리 없음
2026-01-28 17:18:28,834 - INFO - [SKIP] 채널 25 - 카테고리 없음
2026-01-28 17:18:28,834 - INFO - [SUCCESS] 채널 25 처리 완료: {'status': 'skip', 'reason': 'No data'}
2026-01-28 17:18:28,834 - INFO - 
================================================================================
2026-01-28 17:18:28,834 - INFO - 채널 처리 중 [64/68]: channel_id=27
2026-01-28 17:18:28,834 - INFO - ================================================================================
2026-01-28 17:18:28,916 - INFO - [DEBUG] 채널 27 - 카테고리 조회 결과: []
2026-01-28 17:18:28,916 - INFO - [DEBUG] 채널 27 - 카테고리 없음
2026-01-28 17:18:28,916 - INFO - [SKIP] 채널 27 - 카테고리 없음
2026-01-28 17:18:28,916 - INFO - [SUCCESS] 채널 27 처리 완료: {'status': 'skip', 'reason': 'No data'}
2026-01-28 17:18:28,916 - INFO - 
================================================================================
2026-01-28 17:18:28,916 - INFO - 채널 처리 중 [65/68]: channel_id=29
2026-01-28 17:18:28,916 - INFO - ================================================================================
2026-01-28 17:18:29,002 - INFO - [DEBUG] 채널 29 - 카테고리 조회 결과: []
2026-01-28 17:18:29,009 - INFO - [DEBUG] 채널 29 - 카테고리 없음
2026-01-28 17:18:29,009 - INFO - [SKIP] 채널 29 - 카테고리 없음
2026-01-28 17:18:29,009 - INFO - [SUCCESS] 채널 29 처리 완료: {'status': 'skip', 'reason': 'No data'}
2026-01-28 17:18:29,009 - INFO - 
================================================================================
2026-01-28 17:18:29,009 - INFO - 채널 처리 중 [66/68]: channel_id=30
2026-01-28 17:18:29,009 - INFO - ================================================================================
2026-01-28 17:18:29,095 - INFO - [DEBUG] 채널 30 - 카테고리 조회 결과: []
2026-01-28 17:18:29,095 - INFO - [DEBUG] 채널 30 - 카테고리 없음
2026-01-28 17:18:29,095 - INFO - [SKIP] 채널 30 - 카테고리 없음
2026-01-28 17:18:29,095 - INFO - [SUCCESS] 채널 30 처리 완료: {'status': 'skip', 'reason': 'No data'}
2026-01-28 17:18:29,095 - INFO - 
================================================================================
2026-01-28 17:18:29,095 - INFO - 채널 처리 중 [67/68]: channel_id=31
2026-01-28 17:18:29,095 - INFO - ================================================================================
2026-01-28 17:18:29,177 - INFO - [DEBUG] 채널 31 - 카테고리 조회 결과: []
2026-01-28 17:18:29,177 - INFO - [DEBUG] 채널 31 - 카테고리 없음
2026-01-28 17:18:29,177 - INFO - [SKIP] 채널 31 - 카테고리 없음
2026-01-28 17:18:29,177 - INFO - [SUCCESS] 채널 31 처리 완료: {'status': 'skip', 'reason': 'No data'}
2026-01-28 17:18:29,177 - INFO - 
================================================================================
2026-01-28 17:18:29,177 - INFO - 채널 처리 중 [68/68]: channel_id=32
2026-01-28 17:18:29,177 - INFO - ================================================================================
2026-01-28 17:18:29,260 - INFO - [DEBUG] 채널 32 - 카테고리 조회 결과: []
2026-01-28 17:18:29,260 - INFO - [DEBUG] 채널 32 - 카테고리 없음
2026-01-28 17:18:29,260 - INFO - [SKIP] 채널 32 - 카테고리 없음
2026-01-28 17:18:29,260 - INFO - [SUCCESS] 채널 32 처리 완료: {'status': 'skip', 'reason': 'No data'}
2026-01-28 17:18:29,260 - INFO - [COMPLETE] 카테고리 최적화 완료: 2026-01-28 17:18:29.260540
