2026-01-30 13:44:27,228 - INFO - [START] 카테고리 최적화 시작: 2026-01-30 13:44:27.228884
2026-01-30 13:44:27,228 - INFO - [FETCH] 채널 목록 조회 중...
2026-01-30 13:44:27,325 - INFO - [SUCCESS] 총 68개 채널 발견
2026-01-30 13:44:27,325 - INFO - 
================================================================================
2026-01-30 13:44:27,325 - INFO - 채널 처리 중 [1/68]: channel_id=48
2026-01-30 13:44:27,325 - INFO - ================================================================================
2026-01-30 13:44:27,402 - INFO - [DEBUG] 채널 48 - 카테고리 조회 결과: []
2026-01-30 13:44:27,402 - INFO - [DEBUG] 채널 48 - 카테고리 없음
2026-01-30 13:44:27,402 - INFO - [SKIP] 채널 48 - 카테고리 없음
2026-01-30 13:44:27,402 - INFO - [SUCCESS] 채널 48 처리 완료: {'status': 'skip', 'reason': 'No data'}
2026-01-30 13:44:27,402 - INFO - 
================================================================================
2026-01-30 13:44:27,402 - INFO - 채널 처리 중 [2/68]: channel_id=49
2026-01-30 13:44:27,402 - INFO - ================================================================================
2026-01-30 13:44:27,518 - INFO - [DEBUG] 채널 49 - 카테고리 조회 결과: []
2026-01-30 13:44:27,527 - INFO - [DEBUG] 채널 49 - 카테고리 없음
2026-01-30 13:44:27,527 - INFO - [SKIP] 채널 49 - 카테고리 없음
2026-01-30 13:44:27,527 - INFO - [SUCCESS] 채널 49 처리 완료: {'status': 'skip', 'reason': 'No data'}
2026-01-30 13:44:27,527 - INFO - 
================================================================================
2026-01-30 13:44:27,527 - INFO - 채널 처리 중 [3/68]: channel_id=50
2026-01-30 13:44:27,529 - INFO - ================================================================================
2026-01-30 13:44:27,619 - INFO - [DEBUG] 채널 50 - 카테고리 조회 결과: []
2026-01-30 13:44:27,620 - INFO - [DEBUG] 채널 50 - 카테고리 없음
2026-01-30 13:44:27,620 - INFO - [SKIP] 채널 50 - 카테고리 없음
2026-01-30 13:44:27,620 - INFO - [SUCCESS] 채널 50 처리 완료: {'status': 'skip', 'reason': 'No data'}
2026-01-30 13:44:27,620 - INFO - 
================================================================================
2026-01-30 13:44:27,621 - INFO - 채널 처리 중 [4/68]: channel_id=16
2026-01-30 13:44:27,621 - INFO - ================================================================================
2026-01-30 13:44:27,709 - INFO - [DEBUG] 채널 16 - 카테고리 조회 결과: []
2026-01-30 13:44:27,709 - INFO - [DEBUG] 채널 16 - 카테고리 없음
2026-01-30 13:44:27,710 - INFO - [SKIP] 채널 16 - 카테고리 없음
2026-01-30 13:44:27,710 - INFO - [SUCCESS] 채널 16 처리 완료: {'status': 'skip', 'reason': 'No data'}
2026-01-30 13:44:27,710 - INFO - 
================================================================================
2026-01-30 13:44:27,710 - INFO - 채널 처리 중 [5/68]: channel_id=17
2026-01-30 13:44:27,710 - INFO - ================================================================================
2026-01-30 13:44:27,809 - INFO - [DEBUG] 채널 17 - 카테고리 조회 결과: []
2026-01-30 13:44:27,809 - INFO - [DEBUG] 채널 17 - 카테고리 없음
2026-01-30 13:44:27,809 - INFO - [SKIP] 채널 17 - 카테고리 없음
2026-01-30 13:44:27,809 - INFO - [SUCCESS] 채널 17 처리 완료: {'status': 'skip', 'reason': 'No data'}
2026-01-30 13:44:27,809 - INFO - 
================================================================================
2026-01-30 13:44:27,809 - INFO - 채널 처리 중 [6/68]: channel_id=18
2026-01-30 13:44:27,809 - INFO - ================================================================================
2026-01-30 13:44:27,892 - INFO - [DEBUG] 채널 18 - 카테고리 조회 결과: []
2026-01-30 13:44:27,892 - INFO - [DEBUG] 채널 18 - 카테고리 없음
2026-01-30 13:44:27,892 - INFO - [SKIP] 채널 18 - 카테고리 없음
2026-01-30 13:44:27,892 - INFO - [SUCCESS] 채널 18 처리 완료: {'status': 'skip', 'reason': 'No data'}
2026-01-30 13:44:27,892 - INFO - 
================================================================================
2026-01-30 13:44:27,892 - INFO - 채널 처리 중 [7/68]: channel_id=20
2026-01-30 13:44:27,892 - INFO - ================================================================================
2026-01-30 13:44:27,976 - INFO - [DEBUG] 채널 20 - 카테고리 조회 결과: []
2026-01-30 13:44:27,976 - INFO - [DEBUG] 채널 20 - 카테고리 없음
2026-01-30 13:44:27,976 - INFO - [SKIP] 채널 20 - 카테고리 없음
2026-01-30 13:44:27,976 - INFO - [SUCCESS] 채널 20 처리 완료: {'status': 'skip', 'reason': 'No data'}
2026-01-30 13:44:27,976 - INFO - 
================================================================================
2026-01-30 13:44:27,976 - INFO - 채널 처리 중 [8/68]: channel_id=24
2026-01-30 13:44:27,976 - INFO - ================================================================================
2026-01-30 13:44:28,060 - INFO - [DEBUG] 채널 24 - 카테고리 조회 결과: []
2026-01-30 13:44:28,060 - INFO - [DEBUG] 채널 24 - 카테고리 없음
2026-01-30 13:44:28,060 - INFO - [SKIP] 채널 24 - 카테고리 없음
2026-01-30 13:44:28,060 - INFO - [SUCCESS] 채널 24 처리 완료: {'status': 'skip', 'reason': 'No data'}
2026-01-30 13:44:28,060 - INFO - 
================================================================================
2026-01-30 13:44:28,060 - INFO - 채널 처리 중 [9/68]: channel_id=15
2026-01-30 13:44:28,060 - INFO - ================================================================================
2026-01-30 13:44:28,142 - INFO - [DEBUG] 채널 15 - 카테고리 조회 결과: []
2026-01-30 13:44:28,142 - INFO - [DEBUG] 채널 15 - 카테고리 없음
2026-01-30 13:44:28,142 - INFO - [SKIP] 채널 15 - 카테고리 없음
2026-01-30 13:44:28,142 - INFO - [SUCCESS] 채널 15 처리 완료: {'status': 'skip', 'reason': 'No data'}
2026-01-30 13:44:28,142 - INFO - 
================================================================================
2026-01-30 13:44:28,142 - INFO - 채널 처리 중 [10/68]: channel_id=51
2026-01-30 13:44:28,142 - INFO - ================================================================================
2026-01-30 13:44:28,226 - INFO - [DEBUG] 채널 51 - 카테고리 조회 결과: []
2026-01-30 13:44:28,226 - INFO - [DEBUG] 채널 51 - 카테고리 없음
2026-01-30 13:44:28,226 - INFO - [SKIP] 채널 51 - 카테고리 없음
2026-01-30 13:44:28,226 - INFO - [SUCCESS] 채널 51 처리 완료: {'status': 'skip', 'reason': 'No data'}
2026-01-30 13:44:28,226 - INFO - 
================================================================================
2026-01-30 13:44:28,226 - INFO - 채널 처리 중 [11/68]: channel_id=52
2026-01-30 13:44:28,226 - INFO - ================================================================================
2026-01-30 13:44:28,319 - INFO - [DEBUG] 채널 52 - 카테고리 조회 결과: []
2026-01-30 13:44:28,319 - INFO - [DEBUG] 채널 52 - 카테고리 없음
2026-01-30 13:44:28,319 - INFO - [SKIP] 채널 52 - 카테고리 없음
2026-01-30 13:44:28,319 - INFO - [SUCCESS] 채널 52 처리 완료: {'status': 'skip', 'reason': 'No data'}
2026-01-30 13:44:28,319 - INFO - 
================================================================================
2026-01-30 13:44:28,319 - INFO - 채널 처리 중 [12/68]: channel_id=53
2026-01-30 13:44:28,319 - INFO - ================================================================================
2026-01-30 13:44:28,406 - INFO - [DEBUG] 채널 53 - 카테고리 조회 결과: []
2026-01-30 13:44:28,406 - INFO - [DEBUG] 채널 53 - 카테고리 없음
2026-01-30 13:44:28,406 - INFO - [SKIP] 채널 53 - 카테고리 없음
2026-01-30 13:44:28,406 - INFO - [SUCCESS] 채널 53 처리 완료: {'status': 'skip', 'reason': 'No data'}
2026-01-30 13:44:28,406 - INFO - 
================================================================================
2026-01-30 13:44:28,408 - INFO - 채널 처리 중 [13/68]: channel_id=54
2026-01-30 13:44:28,408 - INFO - ================================================================================
2026-01-30 13:44:28,493 - INFO - [DEBUG] 채널 54 - 카테고리 조회 결과: []
2026-01-30 13:44:28,493 - INFO - [DEBUG] 채널 54 - 카테고리 없음
2026-01-30 13:44:28,493 - INFO - [SKIP] 채널 54 - 카테고리 없음
2026-01-30 13:44:28,493 - INFO - [SUCCESS] 채널 54 처리 완료: {'status': 'skip', 'reason': 'No data'}
2026-01-30 13:44:28,493 - INFO - 
================================================================================
2026-01-30 13:44:28,493 - INFO - 채널 처리 중 [14/68]: channel_id=67
2026-01-30 13:44:28,493 - INFO - ================================================================================
2026-01-30 13:44:28,581 - INFO - [DEBUG] 채널 67 - 카테고리 조회 결과: []
2026-01-30 13:44:28,581 - INFO - [DEBUG] 채널 67 - 카테고리 없음
2026-01-30 13:44:28,581 - INFO - [SKIP] 채널 67 - 카테고리 없음
2026-01-30 13:44:28,581 - INFO - [SUCCESS] 채널 67 처리 완료: {'status': 'skip', 'reason': 'No data'}
2026-01-30 13:44:28,581 - INFO - 
================================================================================
2026-01-30 13:44:28,581 - INFO - 채널 처리 중 [15/68]: channel_id=2
2026-01-30 13:44:28,582 - INFO - ================================================================================
2026-01-30 13:44:28,680 - INFO - [DEBUG] 채널 2 - 카테고리 조회 결과: [{'category_id': 8, 'category_name': '기타'}]
2026-01-30 13:44:28,760 - INFO - [DEBUG] 채널 2 - 총 게시글 수: 1
2026-01-30 13:44:28,857 - INFO - [DEBUG] 채널 2 - 기타 카테고리 게시글 수: 1
2026-01-30 13:44:28,858 - INFO - [DEBUG] 채널 2 - is_initial: True, post_count: 1, etc_ratio: 100.00%
2026-01-30 13:44:28,859 - INFO - [DEBUG] 채널 2 상태 - is_initial=True, post_count=1, etc_ratio=100.00%
2026-01-30 13:44:28,859 - INFO - [TRACK_B] 진입: 채널 2 (etc_ratio=100.00%)
2026-01-30 13:44:28,959 - INFO - [SUCCESS] 채널 2 처리 완료: {'status': 'skip', 'reason': 'No etc posts'}
2026-01-30 13:44:28,959 - INFO - 
================================================================================
2026-01-30 13:44:28,959 - INFO - 채널 처리 중 [16/68]: channel_id=1
2026-01-30 13:44:28,960 - INFO - ================================================================================
2026-01-30 13:44:29,061 - INFO - [DEBUG] 채널 1 - 카테고리 조회 결과: [{'category_id': 1, 'category_name': '기타'}, {'category_id': 3, 'category_name': '취업특강정보'}, {'category_id': 4, 'category_name': '개발 관련 문제 해결 도움 요청'}, {'category_id': 5, 'category_name': '스터디/모임 모집'}, {'category_id': 6, 'category_name': '식사/음료 함께 하실 분 모집'}, {'category_id': 7, 'category_name': '기타'}]
2026-01-30 13:44:29,157 - INFO - [DEBUG] 채널 1 - 총 게시글 수: 66
2026-01-30 13:44:29,246 - INFO - [DEBUG] 채널 1 - 기타 카테고리 게시글 수: 18
2026-01-30 13:44:29,246 - INFO - [DEBUG] 채널 1 - is_initial: False, post_count: 66, etc_ratio: 27.27%
2026-01-30 13:44:29,246 - INFO - [DEBUG] 채널 1 상태 - is_initial=False, post_count=66, etc_ratio=27.27%
2026-01-30 13:44:29,246 - INFO - [TRACK_B] 진입: 채널 1 (etc_ratio=27.27%)
2026-01-30 13:44:29,332 - INFO - [SUCCESS] 채널 1 처리 완료: {'status': 'skip', 'reason': 'No etc posts'}
2026-01-30 13:44:29,332 - INFO - 
================================================================================
2026-01-30 13:44:29,333 - INFO - 채널 처리 중 [17/68]: channel_id=3
2026-01-30 13:44:29,333 - INFO - ================================================================================
2026-01-30 13:44:29,419 - INFO - [DEBUG] 채널 3 - 카테고리 조회 결과: []
2026-01-30 13:44:29,419 - INFO - [DEBUG] 채널 3 - 카테고리 없음
2026-01-30 13:44:29,419 - INFO - [SKIP] 채널 3 - 카테고리 없음
2026-01-30 13:44:29,419 - INFO - [SUCCESS] 채널 3 처리 완료: {'status': 'skip', 'reason': 'No data'}
2026-01-30 13:44:29,420 - INFO - 
================================================================================
2026-01-30 13:44:29,420 - INFO - 채널 처리 중 [18/68]: channel_id=4
2026-01-30 13:44:29,420 - INFO - ================================================================================
2026-01-30 13:44:29,494 - INFO - [DEBUG] 채널 4 - 카테고리 조회 결과: []
2026-01-30 13:44:29,494 - INFO - [DEBUG] 채널 4 - 카테고리 없음
2026-01-30 13:44:29,505 - INFO - [SKIP] 채널 4 - 카테고리 없음
2026-01-30 13:44:29,505 - INFO - [SUCCESS] 채널 4 처리 완료: {'status': 'skip', 'reason': 'No data'}
2026-01-30 13:44:29,505 - INFO - 
================================================================================
2026-01-30 13:44:29,505 - INFO - 채널 처리 중 [19/68]: channel_id=43
2026-01-30 13:44:29,505 - INFO - ================================================================================
2026-01-30 13:44:29,593 - INFO - [DEBUG] 채널 43 - 카테고리 조회 결과: []
2026-01-30 13:44:29,593 - INFO - [DEBUG] 채널 43 - 카테고리 없음
2026-01-30 13:44:29,593 - INFO - [SKIP] 채널 43 - 카테고리 없음
2026-01-30 13:44:29,593 - INFO - [SUCCESS] 채널 43 처리 완료: {'status': 'skip', 'reason': 'No data'}
2026-01-30 13:44:29,593 - INFO - 
================================================================================
2026-01-30 13:44:29,593 - INFO - 채널 처리 중 [20/68]: channel_id=44
2026-01-30 13:44:29,593 - INFO - ================================================================================
2026-01-30 13:44:29,677 - INFO - [DEBUG] 채널 44 - 카테고리 조회 결과: []
2026-01-30 13:44:29,677 - INFO - [DEBUG] 채널 44 - 카테고리 없음
2026-01-30 13:44:29,678 - INFO - [SKIP] 채널 44 - 카테고리 없음
2026-01-30 13:44:29,678 - INFO - [SUCCESS] 채널 44 처리 완료: {'status': 'skip', 'reason': 'No data'}
2026-01-30 13:44:29,678 - INFO - 
================================================================================
2026-01-30 13:44:29,678 - INFO - 채널 처리 중 [21/68]: channel_id=5
2026-01-30 13:44:29,678 - INFO - ================================================================================
2026-01-30 13:44:29,765 - INFO - [DEBUG] 채널 5 - 카테고리 조회 결과: []
2026-01-30 13:44:29,766 - INFO - [DEBUG] 채널 5 - 카테고리 없음
2026-01-30 13:44:29,766 - INFO - [SKIP] 채널 5 - 카테고리 없음
2026-01-30 13:44:29,766 - INFO - [SUCCESS] 채널 5 처리 완료: {'status': 'skip', 'reason': 'No data'}
2026-01-30 13:44:29,767 - INFO - 
================================================================================
2026-01-30 13:44:29,767 - INFO - 채널 처리 중 [22/68]: channel_id=6
2026-01-30 13:44:29,767 - INFO - ================================================================================
2026-01-30 13:44:29,842 - INFO - [DEBUG] 채널 6 - 카테고리 조회 결과: [{'category_id': 9, 'category_name': '기타'}]
2026-01-30 13:44:29,941 - INFO - [DEBUG] 채널 6 - 총 게시글 수: 2
2026-01-30 13:44:30,032 - INFO - [DEBUG] 채널 6 - 기타 카테고리 게시글 수: 2
2026-01-30 13:44:30,032 - INFO - [DEBUG] 채널 6 - is_initial: True, post_count: 2, etc_ratio: 100.00%
2026-01-30 13:44:30,032 - INFO - [DEBUG] 채널 6 상태 - is_initial=True, post_count=2, etc_ratio=100.00%
2026-01-30 13:44:30,033 - INFO - [TRACK_B] 진입: 채널 6 (etc_ratio=100.00%)
2026-01-30 13:44:30,108 - INFO - [SUCCESS] 채널 6 처리 완료: {'status': 'skip', 'reason': 'No etc posts'}
2026-01-30 13:44:30,108 - INFO - 
================================================================================
2026-01-30 13:44:30,108 - INFO - 채널 처리 중 [23/68]: channel_id=7
2026-01-30 13:44:30,108 - INFO - ================================================================================
2026-01-30 13:44:30,193 - INFO - [DEBUG] 채널 7 - 카테고리 조회 결과: []
2026-01-30 13:44:30,193 - INFO - [DEBUG] 채널 7 - 카테고리 없음
2026-01-30 13:44:30,193 - INFO - [SKIP] 채널 7 - 카테고리 없음
2026-01-30 13:44:30,193 - INFO - [SUCCESS] 채널 7 처리 완료: {'status': 'skip', 'reason': 'No data'}
2026-01-30 13:44:30,193 - INFO - 
================================================================================
2026-01-30 13:44:30,193 - INFO - 채널 처리 중 [24/68]: channel_id=55
2026-01-30 13:44:30,193 - INFO - ================================================================================
2026-01-30 13:44:30,286 - INFO - [DEBUG] 채널 55 - 카테고리 조회 결과: []
2026-01-30 13:44:30,286 - INFO - [DEBUG] 채널 55 - 카테고리 없음
2026-01-30 13:44:30,286 - INFO - [SKIP] 채널 55 - 카테고리 없음
2026-01-30 13:44:30,286 - INFO - [SUCCESS] 채널 55 처리 완료: {'status': 'skip', 'reason': 'No data'}
2026-01-30 13:44:30,286 - INFO - 
================================================================================
2026-01-30 13:44:30,286 - INFO - 채널 처리 중 [25/68]: channel_id=22
2026-01-30 13:44:30,286 - INFO - ================================================================================
2026-01-30 13:44:30,386 - INFO - [DEBUG] 채널 22 - 카테고리 조회 결과: []
2026-01-30 13:44:30,386 - INFO - [DEBUG] 채널 22 - 카테고리 없음
2026-01-30 13:44:30,386 - INFO - [SKIP] 채널 22 - 카테고리 없음
2026-01-30 13:44:30,386 - INFO - [SUCCESS] 채널 22 처리 완료: {'status': 'skip', 'reason': 'No data'}
2026-01-30 13:44:30,387 - INFO - 
================================================================================
2026-01-30 13:44:30,387 - INFO - 채널 처리 중 [26/68]: channel_id=23
2026-01-30 13:44:30,387 - INFO - ================================================================================
2026-01-30 13:44:30,488 - INFO - [DEBUG] 채널 23 - 카테고리 조회 결과: []
2026-01-30 13:44:30,489 - INFO - [DEBUG] 채널 23 - 카테고리 없음
2026-01-30 13:44:30,489 - INFO - [SKIP] 채널 23 - 카테고리 없음
2026-01-30 13:44:30,489 - INFO - [SUCCESS] 채널 23 처리 완료: {'status': 'skip', 'reason': 'No data'}
2026-01-30 13:44:30,489 - INFO - 
================================================================================
2026-01-30 13:44:30,489 - INFO - 채널 처리 중 [27/68]: channel_id=9
2026-01-30 13:44:30,489 - INFO - ================================================================================
2026-01-30 13:44:30,579 - INFO - [DEBUG] 채널 9 - 카테고리 조회 결과: []
2026-01-30 13:44:30,579 - INFO - [DEBUG] 채널 9 - 카테고리 없음
2026-01-30 13:44:30,580 - INFO - [SKIP] 채널 9 - 카테고리 없음
2026-01-30 13:44:30,580 - INFO - [SUCCESS] 채널 9 처리 완료: {'status': 'skip', 'reason': 'No data'}
2026-01-30 13:44:30,580 - INFO - 
================================================================================
2026-01-30 13:44:30,580 - INFO - 채널 처리 중 [28/68]: channel_id=26
2026-01-30 13:44:30,581 - INFO - ================================================================================
2026-01-30 13:44:30,677 - INFO - [DEBUG] 채널 26 - 카테고리 조회 결과: []
2026-01-30 13:44:30,678 - INFO - [DEBUG] 채널 26 - 카테고리 없음
2026-01-30 13:44:30,678 - INFO - [SKIP] 채널 26 - 카테고리 없음
2026-01-30 13:44:30,678 - INFO - [SUCCESS] 채널 26 처리 완료: {'status': 'skip', 'reason': 'No data'}
2026-01-30 13:44:30,678 - INFO - 
================================================================================
2026-01-30 13:44:30,678 - INFO - 채널 처리 중 [29/68]: channel_id=10
2026-01-30 13:44:30,678 - INFO - ================================================================================
2026-01-30 13:44:30,775 - INFO - [DEBUG] 채널 10 - 카테고리 조회 결과: []
2026-01-30 13:44:30,775 - INFO - [DEBUG] 채널 10 - 카테고리 없음
2026-01-30 13:44:30,775 - INFO - [SKIP] 채널 10 - 카테고리 없음
2026-01-30 13:44:30,775 - INFO - [SUCCESS] 채널 10 처리 완료: {'status': 'skip', 'reason': 'No data'}
2026-01-30 13:44:30,775 - INFO - 
================================================================================
2026-01-30 13:44:30,775 - INFO - 채널 처리 중 [30/68]: channel_id=28
2026-01-30 13:44:30,775 - INFO - ================================================================================
2026-01-30 13:44:30,866 - INFO - [DEBUG] 채널 28 - 카테고리 조회 결과: []
2026-01-30 13:44:30,866 - INFO - [DEBUG] 채널 28 - 카테고리 없음
2026-01-30 13:44:30,866 - INFO - [SKIP] 채널 28 - 카테고리 없음
2026-01-30 13:44:30,866 - INFO - [SUCCESS] 채널 28 처리 완료: {'status': 'skip', 'reason': 'No data'}
2026-01-30 13:44:30,866 - INFO - 
================================================================================
2026-01-30 13:44:30,866 - INFO - 채널 처리 중 [31/68]: channel_id=45
2026-01-30 13:44:30,866 - INFO - ================================================================================
2026-01-30 13:44:30,949 - INFO - [DEBUG] 채널 45 - 카테고리 조회 결과: []
2026-01-30 13:44:30,957 - INFO - [DEBUG] 채널 45 - 카테고리 없음
2026-01-30 13:44:30,957 - INFO - [SKIP] 채널 45 - 카테고리 없음
2026-01-30 13:44:30,957 - INFO - [SUCCESS] 채널 45 처리 완료: {'status': 'skip', 'reason': 'No data'}
2026-01-30 13:44:30,957 - INFO - 
================================================================================
2026-01-30 13:44:30,957 - INFO - 채널 처리 중 [32/68]: channel_id=11
2026-01-30 13:44:30,957 - INFO - ================================================================================
2026-01-30 13:44:31,053 - INFO - [DEBUG] 채널 11 - 카테고리 조회 결과: []
2026-01-30 13:44:31,053 - INFO - [DEBUG] 채널 11 - 카테고리 없음
2026-01-30 13:44:31,054 - INFO - [SKIP] 채널 11 - 카테고리 없음
2026-01-30 13:44:31,054 - INFO - [SUCCESS] 채널 11 처리 완료: {'status': 'skip', 'reason': 'No data'}
2026-01-30 13:44:31,054 - INFO - 
================================================================================
2026-01-30 13:44:31,054 - INFO - 채널 처리 중 [33/68]: channel_id=56
2026-01-30 13:44:31,054 - INFO - ================================================================================
2026-01-30 13:44:31,149 - INFO - [DEBUG] 채널 56 - 카테고리 조회 결과: []
2026-01-30 13:44:31,149 - INFO - [DEBUG] 채널 56 - 카테고리 없음
2026-01-30 13:44:31,151 - INFO - [SKIP] 채널 56 - 카테고리 없음
2026-01-30 13:44:31,151 - INFO - [SUCCESS] 채널 56 처리 완료: {'status': 'skip', 'reason': 'No data'}
2026-01-30 13:44:31,151 - INFO - 
================================================================================
2026-01-30 13:44:31,151 - INFO - 채널 처리 중 [34/68]: channel_id=12
2026-01-30 13:44:31,152 - INFO - ================================================================================
2026-01-30 13:44:31,262 - INFO - [DEBUG] 채널 12 - 카테고리 조회 결과: []
2026-01-30 13:44:31,262 - INFO - [DEBUG] 채널 12 - 카테고리 없음
2026-01-30 13:44:31,262 - INFO - [SKIP] 채널 12 - 카테고리 없음
2026-01-30 13:44:31,262 - INFO - [SUCCESS] 채널 12 처리 완료: {'status': 'skip', 'reason': 'No data'}
2026-01-30 13:44:31,262 - INFO - 
================================================================================
2026-01-30 13:44:31,262 - INFO - 채널 처리 중 [35/68]: channel_id=46
2026-01-30 13:44:31,267 - INFO - ================================================================================
2026-01-30 13:44:31,365 - INFO - [DEBUG] 채널 46 - 카테고리 조회 결과: []
2026-01-30 13:44:31,368 - INFO - [DEBUG] 채널 46 - 카테고리 없음
2026-01-30 13:44:31,368 - INFO - [SKIP] 채널 46 - 카테고리 없음
2026-01-30 13:44:31,368 - INFO - [SUCCESS] 채널 46 처리 완료: {'status': 'skip', 'reason': 'No data'}
2026-01-30 13:44:31,368 - INFO - 
================================================================================
2026-01-30 13:44:31,368 - INFO - 채널 처리 중 [36/68]: channel_id=8
2026-01-30 13:44:31,368 - INFO - ================================================================================
2026-01-30 13:44:31,468 - INFO - [DEBUG] 채널 8 - 카테고리 조회 결과: []
2026-01-30 13:44:31,468 - INFO - [DEBUG] 채널 8 - 카테고리 없음
2026-01-30 13:44:31,469 - INFO - [SKIP] 채널 8 - 카테고리 없음
2026-01-30 13:44:31,469 - INFO - [SUCCESS] 채널 8 처리 완료: {'status': 'skip', 'reason': 'No data'}
2026-01-30 13:44:31,469 - INFO - 
================================================================================
2026-01-30 13:44:31,470 - INFO - 채널 처리 중 [37/68]: channel_id=47
2026-01-30 13:44:31,470 - INFO - ================================================================================
2026-01-30 13:44:31,562 - INFO - [DEBUG] 채널 47 - 카테고리 조회 결과: []
2026-01-30 13:44:31,565 - INFO - [DEBUG] 채널 47 - 카테고리 없음
2026-01-30 13:44:31,565 - INFO - [SKIP] 채널 47 - 카테고리 없음
2026-01-30 13:44:31,566 - INFO - [SUCCESS] 채널 47 처리 완료: {'status': 'skip', 'reason': 'No data'}
2026-01-30 13:44:31,566 - INFO - 
================================================================================
2026-01-30 13:44:31,566 - INFO - 채널 처리 중 [38/68]: channel_id=68
2026-01-30 13:44:31,566 - INFO - ================================================================================
2026-01-30 13:44:31,651 - INFO - [DEBUG] 채널 68 - 카테고리 조회 결과: []
2026-01-30 13:44:31,655 - INFO - [DEBUG] 채널 68 - 카테고리 없음
2026-01-30 13:44:31,655 - INFO - [SKIP] 채널 68 - 카테고리 없음
2026-01-30 13:44:31,655 - INFO - [SUCCESS] 채널 68 처리 완료: {'status': 'skip', 'reason': 'No data'}
2026-01-30 13:44:31,655 - INFO - 
================================================================================
2026-01-30 13:44:31,655 - INFO - 채널 처리 중 [39/68]: channel_id=13
2026-01-30 13:44:31,655 - INFO - ================================================================================
2026-01-30 13:44:31,741 - INFO - [DEBUG] 채널 13 - 카테고리 조회 결과: []
2026-01-30 13:44:31,742 - INFO - [DEBUG] 채널 13 - 카테고리 없음
2026-01-30 13:44:31,742 - INFO - [SKIP] 채널 13 - 카테고리 없음
2026-01-30 13:44:31,742 - INFO - [SUCCESS] 채널 13 처리 완료: {'status': 'skip', 'reason': 'No data'}
2026-01-30 13:44:31,742 - INFO - 
================================================================================
2026-01-30 13:44:31,742 - INFO - 채널 처리 중 [40/68]: channel_id=14
2026-01-30 13:44:31,742 - INFO - ================================================================================
2026-01-30 13:44:31,836 - INFO - [DEBUG] 채널 14 - 카테고리 조회 결과: []
2026-01-30 13:44:31,837 - INFO - [DEBUG] 채널 14 - 카테고리 없음
2026-01-30 13:44:31,837 - INFO - [SKIP] 채널 14 - 카테고리 없음
2026-01-30 13:44:31,837 - INFO - [SUCCESS] 채널 14 처리 완료: {'status': 'skip', 'reason': 'No data'}
2026-01-30 13:44:31,837 - INFO - 
================================================================================
2026-01-30 13:44:31,837 - INFO - 채널 처리 중 [41/68]: channel_id=40
2026-01-30 13:44:31,838 - INFO - ================================================================================
2026-01-30 13:44:31,931 - INFO - [DEBUG] 채널 40 - 카테고리 조회 결과: []
2026-01-30 13:44:31,931 - INFO - [DEBUG] 채널 40 - 카테고리 없음
2026-01-30 13:44:31,932 - INFO - [SKIP] 채널 40 - 카테고리 없음
2026-01-30 13:44:31,932 - INFO - [SUCCESS] 채널 40 처리 완료: {'status': 'skip', 'reason': 'No data'}
2026-01-30 13:44:31,932 - INFO - 
================================================================================
2026-01-30 13:44:31,932 - INFO - 채널 처리 중 [42/68]: channel_id=57
2026-01-30 13:44:31,933 - INFO - ================================================================================
2026-01-30 13:44:32,033 - INFO - [DEBUG] 채널 57 - 카테고리 조회 결과: []
2026-01-30 13:44:32,034 - INFO - [DEBUG] 채널 57 - 카테고리 없음
2026-01-30 13:44:32,034 - INFO - [SKIP] 채널 57 - 카테고리 없음
2026-01-30 13:44:32,034 - INFO - [SUCCESS] 채널 57 처리 완료: {'status': 'skip', 'reason': 'No data'}
2026-01-30 13:44:32,034 - INFO - 
================================================================================
2026-01-30 13:44:32,034 - INFO - 채널 처리 중 [43/68]: channel_id=41
2026-01-30 13:44:32,035 - INFO - ================================================================================
2026-01-30 13:44:32,129 - INFO - [DEBUG] 채널 41 - 카테고리 조회 결과: []
2026-01-30 13:44:32,129 - INFO - [DEBUG] 채널 41 - 카테고리 없음
2026-01-30 13:44:32,130 - INFO - [SKIP] 채널 41 - 카테고리 없음
2026-01-30 13:44:32,130 - INFO - [SUCCESS] 채널 41 처리 완료: {'status': 'skip', 'reason': 'No data'}
2026-01-30 13:44:32,131 - INFO - 
================================================================================
2026-01-30 13:44:32,131 - INFO - 채널 처리 중 [44/68]: channel_id=19
2026-01-30 13:44:32,132 - INFO - ================================================================================
2026-01-30 13:44:32,234 - INFO - [DEBUG] 채널 19 - 카테고리 조회 결과: []
2026-01-30 13:44:32,235 - INFO - [DEBUG] 채널 19 - 카테고리 없음
2026-01-30 13:44:32,235 - INFO - [SKIP] 채널 19 - 카테고리 없음
2026-01-30 13:44:32,235 - INFO - [SUCCESS] 채널 19 처리 완료: {'status': 'skip', 'reason': 'No data'}
2026-01-30 13:44:32,235 - INFO - 
================================================================================
2026-01-30 13:44:32,236 - INFO - 채널 처리 중 [45/68]: channel_id=42
2026-01-30 13:44:32,236 - INFO - ================================================================================
2026-01-30 13:44:32,328 - INFO - [DEBUG] 채널 42 - 카테고리 조회 결과: []
2026-01-30 13:44:32,328 - INFO - [DEBUG] 채널 42 - 카테고리 없음
2026-01-30 13:44:32,328 - INFO - [SKIP] 채널 42 - 카테고리 없음
2026-01-30 13:44:32,328 - INFO - [SUCCESS] 채널 42 처리 완료: {'status': 'skip', 'reason': 'No data'}
2026-01-30 13:44:32,328 - INFO - 
================================================================================
2026-01-30 13:44:32,328 - INFO - 채널 처리 중 [46/68]: channel_id=21
2026-01-30 13:44:32,328 - INFO - ================================================================================
2026-01-30 13:44:32,433 - INFO - [DEBUG] 채널 21 - 카테고리 조회 결과: []
2026-01-30 13:44:32,434 - INFO - [DEBUG] 채널 21 - 카테고리 없음
2026-01-30 13:44:32,434 - INFO - [SKIP] 채널 21 - 카테고리 없음
2026-01-30 13:44:32,434 - INFO - [SUCCESS] 채널 21 처리 완료: {'status': 'skip', 'reason': 'No data'}
2026-01-30 13:44:32,434 - INFO - 
================================================================================
2026-01-30 13:44:32,434 - INFO - 채널 처리 중 [47/68]: channel_id=58
2026-01-30 13:44:32,435 - INFO - ================================================================================
2026-01-30 13:44:32,531 - INFO - [DEBUG] 채널 58 - 카테고리 조회 결과: []
2026-01-30 13:44:32,531 - INFO - [DEBUG] 채널 58 - 카테고리 없음
2026-01-30 13:44:32,531 - INFO - [SKIP] 채널 58 - 카테고리 없음
2026-01-30 13:44:32,531 - INFO - [SUCCESS] 채널 58 처리 완료: {'status': 'skip', 'reason': 'No data'}
2026-01-30 13:44:32,531 - INFO - 
================================================================================
2026-01-30 13:44:32,532 - INFO - 채널 처리 중 [48/68]: channel_id=27
2026-01-30 13:44:32,532 - INFO - ================================================================================
2026-01-30 13:44:32,621 - INFO - [DEBUG] 채널 27 - 카테고리 조회 결과: []
2026-01-30 13:44:32,622 - INFO - [DEBUG] 채널 27 - 카테고리 없음
2026-01-30 13:44:32,622 - INFO - [SKIP] 채널 27 - 카테고리 없음
2026-01-30 13:44:32,622 - INFO - [SUCCESS] 채널 27 처리 완료: {'status': 'skip', 'reason': 'No data'}
2026-01-30 13:44:32,622 - INFO - 
================================================================================
2026-01-30 13:44:32,622 - INFO - 채널 처리 중 [49/68]: channel_id=30
2026-01-30 13:44:32,622 - INFO - ================================================================================
2026-01-30 13:44:32,719 - INFO - [DEBUG] 채널 30 - 카테고리 조회 결과: []
2026-01-30 13:44:32,726 - INFO - [DEBUG] 채널 30 - 카테고리 없음
2026-01-30 13:44:32,726 - INFO - [SKIP] 채널 30 - 카테고리 없음
2026-01-30 13:44:32,726 - INFO - [SUCCESS] 채널 30 처리 완료: {'status': 'skip', 'reason': 'No data'}
2026-01-30 13:44:32,726 - INFO - 
================================================================================
2026-01-30 13:44:32,726 - INFO - 채널 처리 중 [50/68]: channel_id=31
2026-01-30 13:44:32,727 - INFO - ================================================================================
2026-01-30 13:44:32,806 - INFO - [DEBUG] 채널 31 - 카테고리 조회 결과: []
2026-01-30 13:44:32,806 - INFO - [DEBUG] 채널 31 - 카테고리 없음
2026-01-30 13:44:32,806 - INFO - [SKIP] 채널 31 - 카테고리 없음
2026-01-30 13:44:32,806 - INFO - [SUCCESS] 채널 31 처리 완료: {'status': 'skip', 'reason': 'No data'}
2026-01-30 13:44:32,806 - INFO - 
================================================================================
2026-01-30 13:44:32,806 - INFO - 채널 처리 중 [51/68]: channel_id=32
2026-01-30 13:44:32,806 - INFO - ================================================================================
2026-01-30 13:44:32,897 - INFO - [DEBUG] 채널 32 - 카테고리 조회 결과: []
2026-01-30 13:44:32,897 - INFO - [DEBUG] 채널 32 - 카테고리 없음
2026-01-30 13:44:32,897 - INFO - [SKIP] 채널 32 - 카테고리 없음
2026-01-30 13:44:32,897 - INFO - [SUCCESS] 채널 32 처리 완료: {'status': 'skip', 'reason': 'No data'}
2026-01-30 13:44:32,897 - INFO - 
================================================================================
2026-01-30 13:44:32,899 - INFO - 채널 처리 중 [52/68]: channel_id=33
2026-01-30 13:44:32,899 - INFO - ================================================================================
2026-01-30 13:44:32,991 - INFO - [DEBUG] 채널 33 - 카테고리 조회 결과: []
2026-01-30 13:44:32,992 - INFO - [DEBUG] 채널 33 - 카테고리 없음
2026-01-30 13:44:32,992 - INFO - [SKIP] 채널 33 - 카테고리 없음
2026-01-30 13:44:32,992 - INFO - [SUCCESS] 채널 33 처리 완료: {'status': 'skip', 'reason': 'No data'}
2026-01-30 13:44:32,992 - INFO - 
================================================================================
2026-01-30 13:44:32,992 - INFO - 채널 처리 중 [53/68]: channel_id=34
2026-01-30 13:44:32,992 - INFO - ================================================================================
2026-01-30 13:44:33,090 - INFO - [DEBUG] 채널 34 - 카테고리 조회 결과: [{'category_id': 10, 'category_name': '기타'}]
2026-01-30 13:44:33,199 - INFO - [DEBUG] 채널 34 - 총 게시글 수: 3
2026-01-30 13:44:33,338 - INFO - [DEBUG] 채널 34 - 기타 카테고리 게시글 수: 3
2026-01-30 13:44:33,340 - INFO - [DEBUG] 채널 34 - is_initial: True, post_count: 3, etc_ratio: 100.00%
2026-01-30 13:44:33,340 - INFO - [DEBUG] 채널 34 상태 - is_initial=True, post_count=3, etc_ratio=100.00%
2026-01-30 13:44:33,341 - INFO - [TRACK_B] 진입: 채널 34 (etc_ratio=100.00%)
2026-01-30 13:44:33,430 - INFO - [SUCCESS] 채널 34 처리 완료: {'status': 'skip', 'reason': 'No etc posts'}
2026-01-30 13:44:33,430 - INFO - 
================================================================================
2026-01-30 13:44:33,430 - INFO - 채널 처리 중 [54/68]: channel_id=66
2026-01-30 13:44:33,430 - INFO - ================================================================================
2026-01-30 13:44:33,518 - INFO - [DEBUG] 채널 66 - 카테고리 조회 결과: []
2026-01-30 13:44:33,518 - INFO - [DEBUG] 채널 66 - 카테고리 없음
2026-01-30 13:44:33,518 - INFO - [SKIP] 채널 66 - 카테고리 없음
2026-01-30 13:44:33,518 - INFO - [SUCCESS] 채널 66 처리 완료: {'status': 'skip', 'reason': 'No data'}
2026-01-30 13:44:33,518 - INFO - 
================================================================================
2026-01-30 13:44:33,518 - INFO - 채널 처리 중 [55/68]: channel_id=35
2026-01-30 13:44:33,518 - INFO - ================================================================================
2026-01-30 13:44:33,619 - INFO - [DEBUG] 채널 35 - 카테고리 조회 결과: [{'category_id': 11, 'category_name': '기타'}]
2026-01-30 13:44:33,719 - INFO - [DEBUG] 채널 35 - 총 게시글 수: 4
2026-01-30 13:44:33,830 - INFO - [DEBUG] 채널 35 - 기타 카테고리 게시글 수: 4
2026-01-30 13:44:33,830 - INFO - [DEBUG] 채널 35 - is_initial: True, post_count: 4, etc_ratio: 100.00%
2026-01-30 13:44:33,830 - INFO - [DEBUG] 채널 35 상태 - is_initial=True, post_count=4, etc_ratio=100.00%
2026-01-30 13:44:33,830 - INFO - [TRACK_B] 진입: 채널 35 (etc_ratio=100.00%)
2026-01-30 13:44:33,923 - INFO - [SUCCESS] 채널 35 처리 완료: {'status': 'skip', 'reason': 'No etc posts'}
2026-01-30 13:44:33,923 - INFO - 
================================================================================
2026-01-30 13:44:33,923 - INFO - 채널 처리 중 [56/68]: channel_id=36
2026-01-30 13:44:33,923 - INFO - ================================================================================
2026-01-30 13:44:34,013 - INFO - [DEBUG] 채널 36 - 카테고리 조회 결과: []
2026-01-30 13:44:34,013 - INFO - [DEBUG] 채널 36 - 카테고리 없음
2026-01-30 13:44:34,013 - INFO - [SKIP] 채널 36 - 카테고리 없음
2026-01-30 13:44:34,015 - INFO - [SUCCESS] 채널 36 처리 완료: {'status': 'skip', 'reason': 'No data'}
2026-01-30 13:44:34,015 - INFO - 
================================================================================
2026-01-30 13:44:34,015 - INFO - 채널 처리 중 [57/68]: channel_id=59
2026-01-30 13:44:34,015 - INFO - ================================================================================
2026-01-30 13:44:34,107 - INFO - [DEBUG] 채널 59 - 카테고리 조회 결과: [{'category_id': 12, 'category_name': '기타'}]
2026-01-30 13:44:34,230 - INFO - [DEBUG] 채널 59 - 총 게시글 수: 52
2026-01-30 13:44:34,341 - INFO - [DEBUG] 채널 59 - 기타 카테고리 게시글 수: 52
2026-01-30 13:44:34,341 - INFO - [DEBUG] 채널 59 - is_initial: True, post_count: 52, etc_ratio: 100.00%
2026-01-30 13:44:34,346 - INFO - [DEBUG] 채널 59 상태 - is_initial=True, post_count=52, etc_ratio=100.00%
2026-01-30 13:44:34,346 - INFO - [TRACK_A] 진입: 채널 59 (is_initial=True, post_count=52)
2026-01-30 13:44:54,742 - INFO - [SUCCESS] 채널 59 - 51개 게시글 분류 완료 (임베딩 기반)
2026-01-30 13:44:54,742 - INFO - [SUCCESS] Track A 완료: 채널 59, 카테고리 3개 생성
2026-01-30 13:44:54,742 - INFO - [SUCCESS] 채널 59 처리 완료: {'status': 'success', 'track': 'A', 'new_categories': 3, 'classified_posts': 52}
2026-01-30 13:44:54,742 - INFO - 
================================================================================
2026-01-30 13:44:54,742 - INFO - 채널 처리 중 [58/68]: channel_id=37
2026-01-30 13:44:54,742 - INFO - ================================================================================
2026-01-30 13:44:54,831 - INFO - [DEBUG] 채널 37 - 카테고리 조회 결과: []
2026-01-30 13:44:54,831 - INFO - [DEBUG] 채널 37 - 카테고리 없음
2026-01-30 13:44:54,831 - INFO - [SKIP] 채널 37 - 카테고리 없음
2026-01-30 13:44:54,832 - INFO - [SUCCESS] 채널 37 처리 완료: {'status': 'skip', 'reason': 'No data'}
2026-01-30 13:44:54,832 - INFO - 
================================================================================
2026-01-30 13:44:54,832 - INFO - 채널 처리 중 [59/68]: channel_id=38
2026-01-30 13:44:54,832 - INFO - ================================================================================
2026-01-30 13:44:54,931 - INFO - [DEBUG] 채널 38 - 카테고리 조회 결과: [{'category_id': 13, 'category_name': '기타'}]
2026-01-30 13:44:55,016 - INFO - [DEBUG] 채널 38 - 총 게시글 수: 1
2026-01-30 13:44:55,104 - INFO - [DEBUG] 채널 38 - 기타 카테고리 게시글 수: 1
2026-01-30 13:44:55,104 - INFO - [DEBUG] 채널 38 - is_initial: True, post_count: 1, etc_ratio: 100.00%
2026-01-30 13:44:55,104 - INFO - [DEBUG] 채널 38 상태 - is_initial=True, post_count=1, etc_ratio=100.00%
2026-01-30 13:44:55,104 - INFO - [TRACK_B] 진입: 채널 38 (etc_ratio=100.00%)
2026-01-30 13:44:55,199 - INFO - [SUCCESS] 채널 38 처리 완료: {'status': 'skip', 'reason': 'No etc posts'}
2026-01-30 13:44:55,199 - INFO - 
================================================================================
2026-01-30 13:44:55,204 - INFO - 채널 처리 중 [60/68]: channel_id=60
2026-01-30 13:44:55,204 - INFO - ================================================================================
2026-01-30 13:44:55,301 - INFO - [DEBUG] 채널 60 - 카테고리 조회 결과: []
2026-01-30 13:44:55,303 - INFO - [DEBUG] 채널 60 - 카테고리 없음
2026-01-30 13:44:55,303 - INFO - [SKIP] 채널 60 - 카테고리 없음
2026-01-30 13:44:55,303 - INFO - [SUCCESS] 채널 60 처리 완료: {'status': 'skip', 'reason': 'No data'}
2026-01-30 13:44:55,303 - INFO - 
================================================================================
2026-01-30 13:44:55,303 - INFO - 채널 처리 중 [61/68]: channel_id=39
2026-01-30 13:44:55,303 - INFO - ================================================================================
2026-01-30 13:44:55,401 - INFO - [DEBUG] 채널 39 - 카테고리 조회 결과: []
2026-01-30 13:44:55,401 - INFO - [DEBUG] 채널 39 - 카테고리 없음
2026-01-30 13:44:55,401 - INFO - [SKIP] 채널 39 - 카테고리 없음
2026-01-30 13:44:55,401 - INFO - [SUCCESS] 채널 39 처리 완료: {'status': 'skip', 'reason': 'No data'}
2026-01-30 13:44:55,402 - INFO - 
================================================================================
2026-01-30 13:44:55,402 - INFO - 채널 처리 중 [62/68]: channel_id=61
2026-01-30 13:44:55,402 - INFO - ================================================================================
2026-01-30 13:44:55,499 - INFO - [DEBUG] 채널 61 - 카테고리 조회 결과: []
2026-01-30 13:44:55,499 - INFO - [DEBUG] 채널 61 - 카테고리 없음
2026-01-30 13:44:55,499 - INFO - [SKIP] 채널 61 - 카테고리 없음
2026-01-30 13:44:55,499 - INFO - [SUCCESS] 채널 61 처리 완료: {'status': 'skip', 'reason': 'No data'}
2026-01-30 13:44:55,499 - INFO - 
================================================================================
2026-01-30 13:44:55,499 - INFO - 채널 처리 중 [63/68]: channel_id=62
2026-01-30 13:44:55,499 - INFO - ================================================================================
2026-01-30 13:44:55,604 - INFO - [DEBUG] 채널 62 - 카테고리 조회 결과: []
2026-01-30 13:44:55,604 - INFO - [DEBUG] 채널 62 - 카테고리 없음
2026-01-30 13:44:55,604 - INFO - [SKIP] 채널 62 - 카테고리 없음
2026-01-30 13:44:55,604 - INFO - [SUCCESS] 채널 62 처리 완료: {'status': 'skip', 'reason': 'No data'}
2026-01-30 13:44:55,604 - INFO - 
================================================================================
2026-01-30 13:44:55,605 - INFO - 채널 처리 중 [64/68]: channel_id=63
2026-01-30 13:44:55,605 - INFO - ================================================================================
2026-01-30 13:44:55,690 - INFO - [DEBUG] 채널 63 - 카테고리 조회 결과: []
2026-01-30 13:44:55,691 - INFO - [DEBUG] 채널 63 - 카테고리 없음
2026-01-30 13:44:55,691 - INFO - [SKIP] 채널 63 - 카테고리 없음
2026-01-30 13:44:55,691 - INFO - [SUCCESS] 채널 63 처리 완료: {'status': 'skip', 'reason': 'No data'}
2026-01-30 13:44:55,691 - INFO - 
================================================================================
2026-01-30 13:44:55,691 - INFO - 채널 처리 중 [65/68]: channel_id=64
2026-01-30 13:44:55,691 - INFO - ================================================================================
2026-01-30 13:44:55,788 - INFO - [DEBUG] 채널 64 - 카테고리 조회 결과: []
2026-01-30 13:44:55,788 - INFO - [DEBUG] 채널 64 - 카테고리 없음
2026-01-30 13:44:55,789 - INFO - [SKIP] 채널 64 - 카테고리 없음
2026-01-30 13:44:55,789 - INFO - [SUCCESS] 채널 64 처리 완료: {'status': 'skip', 'reason': 'No data'}
2026-01-30 13:44:55,789 - INFO - 
================================================================================
2026-01-30 13:44:55,789 - INFO - 채널 처리 중 [66/68]: channel_id=65
2026-01-30 13:44:55,790 - INFO - ================================================================================
2026-01-30 13:44:55,890 - INFO - [DEBUG] 채널 65 - 카테고리 조회 결과: []
2026-01-30 13:44:55,890 - INFO - [DEBUG] 채널 65 - 카테고리 없음
2026-01-30 13:44:55,891 - INFO - [SKIP] 채널 65 - 카테고리 없음
2026-01-30 13:44:55,891 - INFO - [SUCCESS] 채널 65 처리 완료: {'status': 'skip', 'reason': 'No data'}
2026-01-30 13:44:55,891 - INFO - 
================================================================================
2026-01-30 13:44:55,891 - INFO - 채널 처리 중 [67/68]: channel_id=25
2026-01-30 13:44:55,892 - INFO - ================================================================================
2026-01-30 13:44:55,982 - INFO - [DEBUG] 채널 25 - 카테고리 조회 결과: []
2026-01-30 13:44:55,982 - INFO - [DEBUG] 채널 25 - 카테고리 없음
2026-01-30 13:44:55,982 - INFO - [SKIP] 채널 25 - 카테고리 없음
2026-01-30 13:44:55,982 - INFO - [SUCCESS] 채널 25 처리 완료: {'status': 'skip', 'reason': 'No data'}
2026-01-30 13:44:55,982 - INFO - 
================================================================================
2026-01-30 13:44:55,982 - INFO - 채널 처리 중 [68/68]: channel_id=29
2026-01-30 13:44:55,982 - INFO - ================================================================================
2026-01-30 13:44:56,079 - INFO - [DEBUG] 채널 29 - 카테고리 조회 결과: []
2026-01-30 13:44:56,079 - INFO - [DEBUG] 채널 29 - 카테고리 없음
2026-01-30 13:44:56,079 - INFO - [SKIP] 채널 29 - 카테고리 없음
2026-01-30 13:44:56,080 - INFO - [SUCCESS] 채널 29 처리 완료: {'status': 'skip', 'reason': 'No data'}
2026-01-30 13:44:56,081 - INFO - [COMPLETE] 카테고리 최적화 완료: 2026-01-30 13:44:56.080883
2026-01-30 18:36:15,734 - INFO - [START] 카테고리 최적화 시작: 2026-01-30 18:36:15.734649
2026-01-30 18:36:15,734 - INFO - [FETCH] 채널 목록 조회 중...
2026-01-30 18:36:16,202 - INFO - [SUCCESS] 총 68개 채널 발견
2026-01-30 18:36:16,206 - INFO - 
================================================================================
2026-01-30 18:36:16,206 - INFO - 채널 처리 중 [1/68]: channel_id=16
2026-01-30 18:36:16,208 - INFO - ================================================================================
2026-01-30 18:36:16,620 - INFO - [DEBUG] 채널 16 - 카테고리 조회 결과: []
2026-01-30 18:36:16,620 - INFO - [DEBUG] 채널 16 - 카테고리 없음
2026-01-30 18:36:16,622 - INFO - [SKIP] 채널 16 - 카테고리 없음
2026-01-30 18:36:16,622 - INFO - [SUCCESS] 채널 16 처리 완료: {'status': 'skip', 'reason': 'No data'}
2026-01-30 18:36:16,623 - INFO - 
================================================================================
2026-01-30 18:36:16,623 - INFO - 채널 처리 중 [2/68]: channel_id=48
2026-01-30 18:36:16,623 - INFO - ================================================================================
2026-01-30 18:36:17,017 - INFO - [DEBUG] 채널 48 - 카테고리 조회 결과: []
2026-01-30 18:36:17,017 - INFO - [DEBUG] 채널 48 - 카테고리 없음
2026-01-30 18:36:17,017 - INFO - [SKIP] 채널 48 - 카테고리 없음
2026-01-30 18:36:17,017 - INFO - [SUCCESS] 채널 48 처리 완료: {'status': 'skip', 'reason': 'No data'}
2026-01-30 18:36:17,017 - INFO - 
================================================================================
2026-01-30 18:36:17,017 - INFO - 채널 처리 중 [3/68]: channel_id=17
2026-01-30 18:36:17,017 - INFO - ================================================================================
2026-01-30 18:36:17,430 - INFO - [DEBUG] 채널 17 - 카테고리 조회 결과: []
2026-01-30 18:36:17,430 - INFO - [DEBUG] 채널 17 - 카테고리 없음
2026-01-30 18:36:17,430 - INFO - [SKIP] 채널 17 - 카테고리 없음
2026-01-30 18:36:17,430 - INFO - [SUCCESS] 채널 17 처리 완료: {'status': 'skip', 'reason': 'No data'}
2026-01-30 18:36:17,435 - INFO - 
================================================================================
2026-01-30 18:36:17,435 - INFO - 채널 처리 중 [4/68]: channel_id=49
2026-01-30 18:36:17,435 - INFO - ================================================================================
2026-01-30 18:36:17,835 - INFO - [DEBUG] 채널 49 - 카테고리 조회 결과: []
2026-01-30 18:36:17,836 - INFO - [DEBUG] 채널 49 - 카테고리 없음
2026-01-30 18:36:17,836 - INFO - [SKIP] 채널 49 - 카테고리 없음
2026-01-30 18:36:17,836 - INFO - [SUCCESS] 채널 49 처리 완료: {'status': 'skip', 'reason': 'No data'}
2026-01-30 18:36:17,836 - INFO - 
================================================================================
2026-01-30 18:36:17,836 - INFO - 채널 처리 중 [5/68]: channel_id=50
2026-01-30 18:36:17,838 - INFO - ================================================================================
2026-01-30 18:36:18,252 - INFO - [DEBUG] 채널 50 - 카테고리 조회 결과: []
2026-01-30 18:36:18,253 - INFO - [DEBUG] 채널 50 - 카테고리 없음
2026-01-30 18:36:18,253 - INFO - [SKIP] 채널 50 - 카테고리 없음
2026-01-30 18:36:18,253 - INFO - [SUCCESS] 채널 50 처리 완료: {'status': 'skip', 'reason': 'No data'}
2026-01-30 18:36:18,253 - INFO - 
================================================================================
2026-01-30 18:36:18,253 - INFO - 채널 처리 중 [6/68]: channel_id=18
2026-01-30 18:36:18,253 - INFO - ================================================================================
2026-01-30 18:36:18,663 - INFO - [DEBUG] 채널 18 - 카테고리 조회 결과: []
2026-01-30 18:36:18,665 - INFO - [DEBUG] 채널 18 - 카테고리 없음
2026-01-30 18:36:18,665 - INFO - [SKIP] 채널 18 - 카테고리 없음
2026-01-30 18:36:18,666 - INFO - [SUCCESS] 채널 18 처리 완료: {'status': 'skip', 'reason': 'No data'}
2026-01-30 18:36:18,666 - INFO - 
================================================================================
2026-01-30 18:36:18,666 - INFO - 채널 처리 중 [7/68]: channel_id=20
2026-01-30 18:36:18,666 - INFO - ================================================================================
2026-01-30 18:36:19,097 - INFO - [DEBUG] 채널 20 - 카테고리 조회 결과: []
2026-01-30 18:36:19,099 - INFO - [DEBUG] 채널 20 - 카테고리 없음
2026-01-30 18:36:19,100 - INFO - [SKIP] 채널 20 - 카테고리 없음
2026-01-30 18:36:19,100 - INFO - [SUCCESS] 채널 20 처리 완료: {'status': 'skip', 'reason': 'No data'}
2026-01-30 18:36:19,100 - INFO - 
================================================================================
2026-01-30 18:36:19,100 - INFO - 채널 처리 중 [8/68]: channel_id=24
2026-01-30 18:36:19,102 - INFO - ================================================================================
2026-01-30 18:36:19,523 - INFO - [DEBUG] 채널 24 - 카테고리 조회 결과: []
2026-01-30 18:36:19,523 - INFO - [DEBUG] 채널 24 - 카테고리 없음
2026-01-30 18:36:19,523 - INFO - [SKIP] 채널 24 - 카테고리 없음
2026-01-30 18:36:19,525 - INFO - [SUCCESS] 채널 24 처리 완료: {'status': 'skip', 'reason': 'No data'}
2026-01-30 18:36:19,525 - INFO - 
================================================================================
2026-01-30 18:36:19,525 - INFO - 채널 처리 중 [9/68]: channel_id=15
2026-01-30 18:36:19,525 - INFO - ================================================================================
2026-01-30 18:36:19,909 - INFO - [DEBUG] 채널 15 - 카테고리 조회 결과: []
2026-01-30 18:36:19,912 - INFO - [DEBUG] 채널 15 - 카테고리 없음
2026-01-30 18:36:19,912 - INFO - [SKIP] 채널 15 - 카테고리 없음
2026-01-30 18:36:19,912 - INFO - [SUCCESS] 채널 15 처리 완료: {'status': 'skip', 'reason': 'No data'}
2026-01-30 18:36:19,912 - INFO - 
================================================================================
2026-01-30 18:36:19,912 - INFO - 채널 처리 중 [10/68]: channel_id=51
2026-01-30 18:36:19,912 - INFO - ================================================================================
2026-01-30 18:36:20,317 - INFO - [DEBUG] 채널 51 - 카테고리 조회 결과: []
2026-01-30 18:36:20,317 - INFO - [DEBUG] 채널 51 - 카테고리 없음
2026-01-30 18:36:20,317 - INFO - [SKIP] 채널 51 - 카테고리 없음
2026-01-30 18:36:20,317 - INFO - [SUCCESS] 채널 51 처리 완료: {'status': 'skip', 'reason': 'No data'}
2026-01-30 18:36:20,317 - INFO - 
================================================================================
2026-01-30 18:36:20,317 - INFO - 채널 처리 중 [11/68]: channel_id=52
2026-01-30 18:36:20,317 - INFO - ================================================================================
2026-01-30 18:36:20,713 - INFO - [DEBUG] 채널 52 - 카테고리 조회 결과: []
2026-01-30 18:36:20,713 - INFO - [DEBUG] 채널 52 - 카테고리 없음
2026-01-30 18:36:20,713 - INFO - [SKIP] 채널 52 - 카테고리 없음
2026-01-30 18:36:20,721 - INFO - [SUCCESS] 채널 52 처리 완료: {'status': 'skip', 'reason': 'No data'}
2026-01-30 18:36:20,721 - INFO - 
================================================================================
2026-01-30 18:36:20,721 - INFO - 채널 처리 중 [12/68]: channel_id=53
2026-01-30 18:36:20,721 - INFO - ================================================================================
2026-01-30 18:36:21,130 - INFO - [DEBUG] 채널 53 - 카테고리 조회 결과: []
2026-01-30 18:36:21,130 - INFO - [DEBUG] 채널 53 - 카테고리 없음
2026-01-30 18:36:21,130 - INFO - [SKIP] 채널 53 - 카테고리 없음
2026-01-30 18:36:21,130 - INFO - [SUCCESS] 채널 53 처리 완료: {'status': 'skip', 'reason': 'No data'}
2026-01-30 18:36:21,130 - INFO - 
================================================================================
2026-01-30 18:36:21,130 - INFO - 채널 처리 중 [13/68]: channel_id=54
2026-01-30 18:36:21,130 - INFO - ================================================================================
2026-01-30 18:36:21,523 - INFO - [DEBUG] 채널 54 - 카테고리 조회 결과: []
2026-01-30 18:36:21,530 - INFO - [DEBUG] 채널 54 - 카테고리 없음
2026-01-30 18:36:21,530 - INFO - [SKIP] 채널 54 - 카테고리 없음
2026-01-30 18:36:21,530 - INFO - [SUCCESS] 채널 54 처리 완료: {'status': 'skip', 'reason': 'No data'}
2026-01-30 18:36:21,532 - INFO - 
================================================================================
2026-01-30 18:36:21,533 - INFO - 채널 처리 중 [14/68]: channel_id=67
2026-01-30 18:36:21,533 - INFO - ================================================================================
2026-01-30 18:36:21,907 - INFO - [DEBUG] 채널 67 - 카테고리 조회 결과: []
2026-01-30 18:36:21,907 - INFO - [DEBUG] 채널 67 - 카테고리 없음
2026-01-30 18:36:21,907 - INFO - [SKIP] 채널 67 - 카테고리 없음
2026-01-30 18:36:21,909 - INFO - [SUCCESS] 채널 67 처리 완료: {'status': 'skip', 'reason': 'No data'}
2026-01-30 18:36:21,909 - INFO - 
================================================================================
2026-01-30 18:36:21,909 - INFO - 채널 처리 중 [15/68]: channel_id=2
2026-01-30 18:36:21,909 - INFO - ================================================================================
2026-01-30 18:36:22,314 - INFO - [DEBUG] 채널 2 - 카테고리 조회 결과: [{'category_id': 8, 'category_name': '기타'}]
2026-01-30 18:36:22,737 - INFO - [DEBUG] 채널 2 - 총 게시글 수: 1
2026-01-30 18:36:23,172 - INFO - [DEBUG] 채널 2 - 기타 카테고리 게시글 수: 1
2026-01-30 18:36:23,181 - INFO - [DEBUG] 채널 2 - is_initial: True, post_count: 1, etc_ratio: 100.00%
2026-01-30 18:36:23,183 - INFO - [DEBUG] 채널 2 상태 - is_initial=True, post_count=1, etc_ratio=100.00%
2026-01-30 18:36:23,183 - INFO - [TRACK_B] 진입: 채널 2 (etc_ratio=100.00%)
2026-01-30 18:36:23,589 - INFO - [SUCCESS] 채널 2 처리 완료: {'status': 'skip', 'reason': 'No etc posts'}
2026-01-30 18:36:23,590 - INFO - 
================================================================================
2026-01-30 18:36:23,590 - INFO - 채널 처리 중 [16/68]: channel_id=1
2026-01-30 18:36:23,590 - INFO - ================================================================================
2026-01-30 18:36:24,010 - INFO - [DEBUG] 채널 1 - 카테고리 조회 결과: [{'category_id': 1, 'category_name': '기타'}, {'category_id': 3, 'category_name': '취업특강정보'}, {'category_id': 4, 'category_name': '개발 관련 문제 해결 도움 요청'}, {'category_id': 5, 'category_name': '스터디/모임 모집'}, {'category_id': 6, 'category_name': '식사/음료 함께 하실 분 모집'}, {'category_id': 7, 'category_name': '기타'}]
2026-01-30 18:36:24,419 - INFO - [DEBUG] 채널 1 - 총 게시글 수: 66
2026-01-30 18:36:24,827 - INFO - [DEBUG] 채널 1 - 기타 카테고리 게시글 수: 18
2026-01-30 18:36:24,829 - INFO - [DEBUG] 채널 1 - is_initial: False, post_count: 66, etc_ratio: 27.27%
2026-01-30 18:36:24,829 - INFO - [DEBUG] 채널 1 상태 - is_initial=False, post_count=66, etc_ratio=27.27%
2026-01-30 18:36:24,829 - INFO - [TRACK_B] 진입: 채널 1 (etc_ratio=27.27%)
2026-01-30 18:36:25,233 - INFO - [SUCCESS] 채널 1 처리 완료: {'status': 'skip', 'reason': 'No etc posts'}
2026-01-30 18:36:25,234 - INFO - 
================================================================================
2026-01-30 18:36:25,234 - INFO - 채널 처리 중 [17/68]: channel_id=3
2026-01-30 18:36:25,234 - INFO - ================================================================================
2026-01-30 18:36:25,651 - INFO - [DEBUG] 채널 3 - 카테고리 조회 결과: []
2026-01-30 18:36:25,651 - INFO - [DEBUG] 채널 3 - 카테고리 없음
2026-01-30 18:36:25,651 - INFO - [SKIP] 채널 3 - 카테고리 없음
2026-01-30 18:36:25,651 - INFO - [SUCCESS] 채널 3 처리 완료: {'status': 'skip', 'reason': 'No data'}
2026-01-30 18:36:25,656 - INFO - 
================================================================================
2026-01-30 18:36:25,657 - INFO - 채널 처리 중 [18/68]: channel_id=4
2026-01-30 18:36:25,657 - INFO - ================================================================================
2026-01-30 18:36:26,069 - INFO - [DEBUG] 채널 4 - 카테고리 조회 결과: []
2026-01-30 18:36:26,069 - INFO - [DEBUG] 채널 4 - 카테고리 없음
2026-01-30 18:36:26,069 - INFO - [SKIP] 채널 4 - 카테고리 없음
2026-01-30 18:36:26,069 - INFO - [SUCCESS] 채널 4 처리 완료: {'status': 'skip', 'reason': 'No data'}
2026-01-30 18:36:26,071 - INFO - 
================================================================================
2026-01-30 18:36:26,071 - INFO - 채널 처리 중 [19/68]: channel_id=43
2026-01-30 18:36:26,071 - INFO - ================================================================================
2026-01-30 18:36:26,481 - INFO - [DEBUG] 채널 43 - 카테고리 조회 결과: []
2026-01-30 18:36:26,481 - INFO - [DEBUG] 채널 43 - 카테고리 없음
2026-01-30 18:36:26,481 - INFO - [SKIP] 채널 43 - 카테고리 없음
2026-01-30 18:36:26,481 - INFO - [SUCCESS] 채널 43 처리 완료: {'status': 'skip', 'reason': 'No data'}
2026-01-30 18:36:26,481 - INFO - 
================================================================================
2026-01-30 18:36:26,481 - INFO - 채널 처리 중 [20/68]: channel_id=44
2026-01-30 18:36:26,481 - INFO - ================================================================================
2026-01-30 18:36:26,898 - INFO - [DEBUG] 채널 44 - 카테고리 조회 결과: []
2026-01-30 18:36:26,898 - INFO - [DEBUG] 채널 44 - 카테고리 없음
2026-01-30 18:36:26,898 - INFO - [SKIP] 채널 44 - 카테고리 없음
2026-01-30 18:36:26,898 - INFO - [SUCCESS] 채널 44 처리 완료: {'status': 'skip', 'reason': 'No data'}
2026-01-30 18:36:26,898 - INFO - 
================================================================================
2026-01-30 18:36:26,898 - INFO - 채널 처리 중 [21/68]: channel_id=5
2026-01-30 18:36:26,898 - INFO - ================================================================================
2026-01-30 18:36:27,307 - INFO - [DEBUG] 채널 5 - 카테고리 조회 결과: []
2026-01-30 18:36:27,309 - INFO - [DEBUG] 채널 5 - 카테고리 없음
2026-01-30 18:36:27,309 - INFO - [SKIP] 채널 5 - 카테고리 없음
2026-01-30 18:36:27,311 - INFO - [SUCCESS] 채널 5 처리 완료: {'status': 'skip', 'reason': 'No data'}
2026-01-30 18:36:27,311 - INFO - 
================================================================================
2026-01-30 18:36:27,311 - INFO - 채널 처리 중 [22/68]: channel_id=6
2026-01-30 18:36:27,311 - INFO - ================================================================================
2026-01-30 18:36:27,698 - INFO - [DEBUG] 채널 6 - 카테고리 조회 결과: [{'category_id': 9, 'category_name': '기타'}]
2026-01-30 18:36:28,105 - INFO - [DEBUG] 채널 6 - 총 게시글 수: 2
2026-01-30 18:36:28,524 - INFO - [DEBUG] 채널 6 - 기타 카테고리 게시글 수: 2
2026-01-30 18:36:28,524 - INFO - [DEBUG] 채널 6 - is_initial: True, post_count: 2, etc_ratio: 100.00%
2026-01-30 18:36:28,525 - INFO - [DEBUG] 채널 6 상태 - is_initial=True, post_count=2, etc_ratio=100.00%
2026-01-30 18:36:28,525 - INFO - [TRACK_B] 진입: 채널 6 (etc_ratio=100.00%)
2026-01-30 18:36:28,938 - INFO - [SUCCESS] 채널 6 처리 완료: {'status': 'skip', 'reason': 'No etc posts'}
2026-01-30 18:36:28,940 - INFO - 
================================================================================
2026-01-30 18:36:28,940 - INFO - 채널 처리 중 [23/68]: channel_id=7
2026-01-30 18:36:28,940 - INFO - ================================================================================
2026-01-30 18:36:29,338 - INFO - [DEBUG] 채널 7 - 카테고리 조회 결과: []
2026-01-30 18:36:29,338 - INFO - [DEBUG] 채널 7 - 카테고리 없음
2026-01-30 18:36:29,338 - INFO - [SKIP] 채널 7 - 카테고리 없음
2026-01-30 18:36:29,338 - INFO - [SUCCESS] 채널 7 처리 완료: {'status': 'skip', 'reason': 'No data'}
2026-01-30 18:36:29,338 - INFO - 
================================================================================
2026-01-30 18:36:29,338 - INFO - 채널 처리 중 [24/68]: channel_id=55
2026-01-30 18:36:29,338 - INFO - ================================================================================
2026-01-30 18:36:29,754 - INFO - [DEBUG] 채널 55 - 카테고리 조회 결과: []
2026-01-30 18:36:29,759 - INFO - [DEBUG] 채널 55 - 카테고리 없음
2026-01-30 18:36:29,760 - INFO - [SKIP] 채널 55 - 카테고리 없음
2026-01-30 18:36:29,760 - INFO - [SUCCESS] 채널 55 처리 완료: {'status': 'skip', 'reason': 'No data'}
2026-01-30 18:36:29,760 - INFO - 
================================================================================
2026-01-30 18:36:29,760 - INFO - 채널 처리 중 [25/68]: channel_id=22
2026-01-30 18:36:29,760 - INFO - ================================================================================
2026-01-30 18:36:30,156 - INFO - [DEBUG] 채널 22 - 카테고리 조회 결과: []
2026-01-30 18:36:30,158 - INFO - [DEBUG] 채널 22 - 카테고리 없음
2026-01-30 18:36:30,159 - INFO - [SKIP] 채널 22 - 카테고리 없음
2026-01-30 18:36:30,159 - INFO - [SUCCESS] 채널 22 처리 완료: {'status': 'skip', 'reason': 'No data'}
2026-01-30 18:36:30,159 - INFO - 
================================================================================
2026-01-30 18:36:30,159 - INFO - 채널 처리 중 [26/68]: channel_id=23
2026-01-30 18:36:30,159 - INFO - ================================================================================
2026-01-30 18:36:30,559 - INFO - [DEBUG] 채널 23 - 카테고리 조회 결과: []
2026-01-30 18:36:30,559 - INFO - [DEBUG] 채널 23 - 카테고리 없음
2026-01-30 18:36:30,559 - INFO - [SKIP] 채널 23 - 카테고리 없음
2026-01-30 18:36:30,559 - INFO - [SUCCESS] 채널 23 처리 완료: {'status': 'skip', 'reason': 'No data'}
2026-01-30 18:36:30,559 - INFO - 
================================================================================
2026-01-30 18:36:30,559 - INFO - 채널 처리 중 [27/68]: channel_id=9
2026-01-30 18:36:30,561 - INFO - ================================================================================
2026-01-30 18:36:30,974 - INFO - [DEBUG] 채널 9 - 카테고리 조회 결과: []
2026-01-30 18:36:30,975 - INFO - [DEBUG] 채널 9 - 카테고리 없음
2026-01-30 18:36:30,976 - INFO - [SKIP] 채널 9 - 카테고리 없음
2026-01-30 18:36:30,976 - INFO - [SUCCESS] 채널 9 처리 완료: {'status': 'skip', 'reason': 'No data'}
2026-01-30 18:36:30,976 - INFO - 
================================================================================
2026-01-30 18:36:30,976 - INFO - 채널 처리 중 [28/68]: channel_id=26
2026-01-30 18:36:30,976 - INFO - ================================================================================
2026-01-30 18:36:31,428 - INFO - [DEBUG] 채널 26 - 카테고리 조회 결과: []
2026-01-30 18:36:31,428 - INFO - [DEBUG] 채널 26 - 카테고리 없음
2026-01-30 18:36:31,428 - INFO - [SKIP] 채널 26 - 카테고리 없음
2026-01-30 18:36:31,428 - INFO - [SUCCESS] 채널 26 처리 완료: {'status': 'skip', 'reason': 'No data'}
2026-01-30 18:36:31,428 - INFO - 
================================================================================
2026-01-30 18:36:31,428 - INFO - 채널 처리 중 [29/68]: channel_id=10
2026-01-30 18:36:31,428 - INFO - ================================================================================
2026-01-30 18:36:32,066 - INFO - [DEBUG] 채널 10 - 카테고리 조회 결과: []
2026-01-30 18:36:32,066 - INFO - [DEBUG] 채널 10 - 카테고리 없음
2026-01-30 18:36:32,069 - INFO - [SKIP] 채널 10 - 카테고리 없음
2026-01-30 18:36:32,069 - INFO - [SUCCESS] 채널 10 처리 완료: {'status': 'skip', 'reason': 'No data'}
2026-01-30 18:36:32,069 - INFO - 
================================================================================
2026-01-30 18:36:32,069 - INFO - 채널 처리 중 [30/68]: channel_id=28
2026-01-30 18:36:32,069 - INFO - ================================================================================
2026-01-30 18:36:32,474 - INFO - [DEBUG] 채널 28 - 카테고리 조회 결과: []
2026-01-30 18:36:32,474 - INFO - [DEBUG] 채널 28 - 카테고리 없음
2026-01-30 18:36:32,474 - INFO - [SKIP] 채널 28 - 카테고리 없음
2026-01-30 18:36:32,474 - INFO - [SUCCESS] 채널 28 처리 완료: {'status': 'skip', 'reason': 'No data'}
2026-01-30 18:36:32,474 - INFO - 
================================================================================
2026-01-30 18:36:32,474 - INFO - 채널 처리 중 [31/68]: channel_id=45
2026-01-30 18:36:32,474 - INFO - ================================================================================
2026-01-30 18:36:32,861 - INFO - [DEBUG] 채널 45 - 카테고리 조회 결과: []
2026-01-30 18:36:32,861 - INFO - [DEBUG] 채널 45 - 카테고리 없음
2026-01-30 18:36:32,861 - INFO - [SKIP] 채널 45 - 카테고리 없음
2026-01-30 18:36:32,861 - INFO - [SUCCESS] 채널 45 처리 완료: {'status': 'skip', 'reason': 'No data'}
2026-01-30 18:36:32,861 - INFO - 
================================================================================
2026-01-30 18:36:32,861 - INFO - 채널 처리 중 [32/68]: channel_id=11
2026-01-30 18:36:32,861 - INFO - ================================================================================
2026-01-30 18:36:33,283 - INFO - [DEBUG] 채널 11 - 카테고리 조회 결과: []
2026-01-30 18:36:33,283 - INFO - [DEBUG] 채널 11 - 카테고리 없음
2026-01-30 18:36:33,283 - INFO - [SKIP] 채널 11 - 카테고리 없음
2026-01-30 18:36:33,283 - INFO - [SUCCESS] 채널 11 처리 완료: {'status': 'skip', 'reason': 'No data'}
2026-01-30 18:36:33,286 - INFO - 
================================================================================
2026-01-30 18:36:33,286 - INFO - 채널 처리 중 [33/68]: channel_id=56
2026-01-30 18:36:33,286 - INFO - ================================================================================
2026-01-30 18:36:33,696 - INFO - [DEBUG] 채널 56 - 카테고리 조회 결과: []
2026-01-30 18:36:33,698 - INFO - [DEBUG] 채널 56 - 카테고리 없음
2026-01-30 18:36:33,698 - INFO - [SKIP] 채널 56 - 카테고리 없음
2026-01-30 18:36:33,698 - INFO - [SUCCESS] 채널 56 처리 완료: {'status': 'skip', 'reason': 'No data'}
2026-01-30 18:36:33,698 - INFO - 
================================================================================
2026-01-30 18:36:33,698 - INFO - 채널 처리 중 [34/68]: channel_id=12
2026-01-30 18:36:33,698 - INFO - ================================================================================
2026-01-30 18:36:34,115 - INFO - [DEBUG] 채널 12 - 카테고리 조회 결과: []
2026-01-30 18:36:34,115 - INFO - [DEBUG] 채널 12 - 카테고리 없음
2026-01-30 18:36:34,115 - INFO - [SKIP] 채널 12 - 카테고리 없음
2026-01-30 18:36:34,115 - INFO - [SUCCESS] 채널 12 처리 완료: {'status': 'skip', 'reason': 'No data'}
2026-01-30 18:36:34,115 - INFO - 
================================================================================
2026-01-30 18:36:34,115 - INFO - 채널 처리 중 [35/68]: channel_id=46
2026-01-30 18:36:34,115 - INFO - ================================================================================
2026-01-30 18:36:34,533 - INFO - [DEBUG] 채널 46 - 카테고리 조회 결과: []
2026-01-30 18:36:34,536 - INFO - [DEBUG] 채널 46 - 카테고리 없음
2026-01-30 18:36:34,536 - INFO - [SKIP] 채널 46 - 카테고리 없음
2026-01-30 18:36:34,536 - INFO - [SUCCESS] 채널 46 처리 완료: {'status': 'skip', 'reason': 'No data'}
2026-01-30 18:36:34,536 - INFO - 
================================================================================
2026-01-30 18:36:34,536 - INFO - 채널 처리 중 [36/68]: channel_id=8
2026-01-30 18:36:34,538 - INFO - ================================================================================
2026-01-30 18:36:34,951 - INFO - [DEBUG] 채널 8 - 카테고리 조회 결과: []
2026-01-30 18:36:34,951 - INFO - [DEBUG] 채널 8 - 카테고리 없음
2026-01-30 18:36:34,952 - INFO - [SKIP] 채널 8 - 카테고리 없음
2026-01-30 18:36:34,952 - INFO - [SUCCESS] 채널 8 처리 완료: {'status': 'skip', 'reason': 'No data'}
2026-01-30 18:36:34,952 - INFO - 
================================================================================
2026-01-30 18:36:34,952 - INFO - 채널 처리 중 [37/68]: channel_id=47
2026-01-30 18:36:34,952 - INFO - ================================================================================
2026-01-30 18:36:35,355 - INFO - [DEBUG] 채널 47 - 카테고리 조회 결과: []
2026-01-30 18:36:35,362 - INFO - [DEBUG] 채널 47 - 카테고리 없음
2026-01-30 18:36:35,362 - INFO - [SKIP] 채널 47 - 카테고리 없음
2026-01-30 18:36:35,362 - INFO - [SUCCESS] 채널 47 처리 완료: {'status': 'skip', 'reason': 'No data'}
2026-01-30 18:36:35,362 - INFO - 
================================================================================
2026-01-30 18:36:35,362 - INFO - 채널 처리 중 [38/68]: channel_id=68
2026-01-30 18:36:35,362 - INFO - ================================================================================
2026-01-30 18:36:35,762 - INFO - [DEBUG] 채널 68 - 카테고리 조회 결과: []
2026-01-30 18:36:35,794 - INFO - [DEBUG] 채널 68 - 카테고리 없음
2026-01-30 18:36:35,795 - INFO - [SKIP] 채널 68 - 카테고리 없음
2026-01-30 18:36:35,795 - INFO - [SUCCESS] 채널 68 처리 완료: {'status': 'skip', 'reason': 'No data'}
2026-01-30 18:36:35,795 - INFO - 
================================================================================
2026-01-30 18:36:35,795 - INFO - 채널 처리 중 [39/68]: channel_id=13
2026-01-30 18:36:35,797 - INFO - ================================================================================
2026-01-30 18:36:36,203 - INFO - [DEBUG] 채널 13 - 카테고리 조회 결과: []
2026-01-30 18:36:36,203 - INFO - [DEBUG] 채널 13 - 카테고리 없음
2026-01-30 18:36:36,203 - INFO - [SKIP] 채널 13 - 카테고리 없음
2026-01-30 18:36:36,203 - INFO - [SUCCESS] 채널 13 처리 완료: {'status': 'skip', 'reason': 'No data'}
2026-01-30 18:36:36,203 - INFO - 
================================================================================
2026-01-30 18:36:36,203 - INFO - 채널 처리 중 [40/68]: channel_id=14
2026-01-30 18:36:36,203 - INFO - ================================================================================
2026-01-30 18:36:36,587 - INFO - [DEBUG] 채널 14 - 카테고리 조회 결과: []
2026-01-30 18:36:36,588 - INFO - [DEBUG] 채널 14 - 카테고리 없음
2026-01-30 18:36:36,588 - INFO - [SKIP] 채널 14 - 카테고리 없음
2026-01-30 18:36:36,588 - INFO - [SUCCESS] 채널 14 처리 완료: {'status': 'skip', 'reason': 'No data'}
2026-01-30 18:36:36,588 - INFO - 
================================================================================
2026-01-30 18:36:36,588 - INFO - 채널 처리 중 [41/68]: channel_id=40
2026-01-30 18:36:36,588 - INFO - ================================================================================
2026-01-30 18:36:36,986 - INFO - [DEBUG] 채널 40 - 카테고리 조회 결과: []
2026-01-30 18:36:36,986 - INFO - [DEBUG] 채널 40 - 카테고리 없음
2026-01-30 18:36:36,986 - INFO - [SKIP] 채널 40 - 카테고리 없음
2026-01-30 18:36:36,986 - INFO - [SUCCESS] 채널 40 처리 완료: {'status': 'skip', 'reason': 'No data'}
2026-01-30 18:36:36,986 - INFO - 
================================================================================
2026-01-30 18:36:36,986 - INFO - 채널 처리 중 [42/68]: channel_id=66
2026-01-30 18:36:36,986 - INFO - ================================================================================
2026-01-30 18:36:37,428 - INFO - [DEBUG] 채널 66 - 카테고리 조회 결과: []
2026-01-30 18:36:37,428 - INFO - [DEBUG] 채널 66 - 카테고리 없음
2026-01-30 18:36:37,429 - INFO - [SKIP] 채널 66 - 카테고리 없음
2026-01-30 18:36:37,429 - INFO - [SUCCESS] 채널 66 처리 완료: {'status': 'skip', 'reason': 'No data'}
2026-01-30 18:36:37,429 - INFO - 
================================================================================
2026-01-30 18:36:37,429 - INFO - 채널 처리 중 [43/68]: channel_id=35
2026-01-30 18:36:37,429 - INFO - ================================================================================
2026-01-30 18:36:37,809 - INFO - [DEBUG] 채널 35 - 카테고리 조회 결과: [{'category_id': 11, 'category_name': '기타'}]
2026-01-30 18:36:38,260 - INFO - [DEBUG] 채널 35 - 총 게시글 수: 4
2026-01-30 18:36:38,656 - INFO - [DEBUG] 채널 35 - 기타 카테고리 게시글 수: 4
2026-01-30 18:36:38,660 - INFO - [DEBUG] 채널 35 - is_initial: True, post_count: 4, etc_ratio: 100.00%
2026-01-30 18:36:38,660 - INFO - [DEBUG] 채널 35 상태 - is_initial=True, post_count=4, etc_ratio=100.00%
2026-01-30 18:36:38,660 - INFO - [TRACK_B] 진입: 채널 35 (etc_ratio=100.00%)
2026-01-30 18:36:39,039 - INFO - [SUCCESS] 채널 35 처리 완료: {'status': 'skip', 'reason': 'No etc posts'}
2026-01-30 18:36:39,039 - INFO - 
================================================================================
2026-01-30 18:36:39,039 - INFO - 채널 처리 중 [44/68]: channel_id=36
2026-01-30 18:36:39,039 - INFO - ================================================================================
2026-01-30 18:36:39,426 - INFO - [DEBUG] 채널 36 - 카테고리 조회 결과: []
2026-01-30 18:36:39,426 - INFO - [DEBUG] 채널 36 - 카테고리 없음
2026-01-30 18:36:39,426 - INFO - [SKIP] 채널 36 - 카테고리 없음
2026-01-30 18:36:39,426 - INFO - [SUCCESS] 채널 36 처리 완료: {'status': 'skip', 'reason': 'No data'}
2026-01-30 18:36:39,426 - INFO - 
================================================================================
2026-01-30 18:36:39,426 - INFO - 채널 처리 중 [45/68]: channel_id=37
2026-01-30 18:36:39,426 - INFO - ================================================================================
2026-01-30 18:36:39,828 - INFO - [DEBUG] 채널 37 - 카테고리 조회 결과: []
2026-01-30 18:36:39,828 - INFO - [DEBUG] 채널 37 - 카테고리 없음
2026-01-30 18:36:39,830 - INFO - [SKIP] 채널 37 - 카테고리 없음
2026-01-30 18:36:39,830 - INFO - [SUCCESS] 채널 37 처리 완료: {'status': 'skip', 'reason': 'No data'}
2026-01-30 18:36:39,830 - INFO - 
================================================================================
2026-01-30 18:36:39,830 - INFO - 채널 처리 중 [46/68]: channel_id=38
2026-01-30 18:36:39,830 - INFO - ================================================================================
2026-01-30 18:36:40,219 - INFO - [DEBUG] 채널 38 - 카테고리 조회 결과: [{'category_id': 13, 'category_name': '기타'}]
2026-01-30 18:36:40,605 - INFO - [DEBUG] 채널 38 - 총 게시글 수: 1
2026-01-30 18:36:41,013 - INFO - [DEBUG] 채널 38 - 기타 카테고리 게시글 수: 1
2026-01-30 18:36:41,013 - INFO - [DEBUG] 채널 38 - is_initial: True, post_count: 1, etc_ratio: 100.00%
2026-01-30 18:36:41,013 - INFO - [DEBUG] 채널 38 상태 - is_initial=True, post_count=1, etc_ratio=100.00%
2026-01-30 18:36:41,013 - INFO - [TRACK_B] 진입: 채널 38 (etc_ratio=100.00%)
2026-01-30 18:36:41,408 - INFO - [SUCCESS] 채널 38 처리 완료: {'status': 'skip', 'reason': 'No etc posts'}
2026-01-30 18:36:41,411 - INFO - 
================================================================================
2026-01-30 18:36:41,413 - INFO - 채널 처리 중 [47/68]: channel_id=57
2026-01-30 18:36:41,415 - INFO - ================================================================================
2026-01-30 18:36:41,802 - INFO - [DEBUG] 채널 57 - 카테고리 조회 결과: []
2026-01-30 18:36:41,802 - INFO - [DEBUG] 채널 57 - 카테고리 없음
2026-01-30 18:36:41,802 - INFO - [SKIP] 채널 57 - 카테고리 없음
2026-01-30 18:36:41,809 - INFO - [SUCCESS] 채널 57 처리 완료: {'status': 'skip', 'reason': 'No data'}
2026-01-30 18:36:41,809 - INFO - 
================================================================================
2026-01-30 18:36:41,809 - INFO - 채널 처리 중 [48/68]: channel_id=39
2026-01-30 18:36:41,809 - INFO - ================================================================================
2026-01-30 18:36:42,237 - INFO - [DEBUG] 채널 39 - 카테고리 조회 결과: []
2026-01-30 18:36:42,237 - INFO - [DEBUG] 채널 39 - 카테고리 없음
2026-01-30 18:36:42,237 - INFO - [SKIP] 채널 39 - 카테고리 없음
2026-01-30 18:36:42,238 - INFO - [SUCCESS] 채널 39 처리 완료: {'status': 'skip', 'reason': 'No data'}
2026-01-30 18:36:42,238 - INFO - 
================================================================================
2026-01-30 18:36:42,239 - INFO - 채널 처리 중 [49/68]: channel_id=41
2026-01-30 18:36:42,239 - INFO - ================================================================================
2026-01-30 18:36:42,629 - INFO - [DEBUG] 채널 41 - 카테고리 조회 결과: []
2026-01-30 18:36:42,630 - INFO - [DEBUG] 채널 41 - 카테고리 없음
2026-01-30 18:36:42,630 - INFO - [SKIP] 채널 41 - 카테고리 없음
2026-01-30 18:36:42,630 - INFO - [SUCCESS] 채널 41 처리 완료: {'status': 'skip', 'reason': 'No data'}
2026-01-30 18:36:42,630 - INFO - 
================================================================================
2026-01-30 18:36:42,630 - INFO - 채널 처리 중 [50/68]: channel_id=42
2026-01-30 18:36:42,630 - INFO - ================================================================================
2026-01-30 18:36:43,037 - INFO - [DEBUG] 채널 42 - 카테고리 조회 결과: []
2026-01-30 18:36:43,037 - INFO - [DEBUG] 채널 42 - 카테고리 없음
2026-01-30 18:36:43,037 - INFO - [SKIP] 채널 42 - 카테고리 없음
2026-01-30 18:36:43,037 - INFO - [SUCCESS] 채널 42 처리 완료: {'status': 'skip', 'reason': 'No data'}
2026-01-30 18:36:43,037 - INFO - 
================================================================================
2026-01-30 18:36:43,039 - INFO - 채널 처리 중 [51/68]: channel_id=58
2026-01-30 18:36:43,040 - INFO - ================================================================================
2026-01-30 18:36:43,437 - INFO - [DEBUG] 채널 58 - 카테고리 조회 결과: []
2026-01-30 18:36:43,437 - INFO - [DEBUG] 채널 58 - 카테고리 없음
2026-01-30 18:36:43,438 - INFO - [SKIP] 채널 58 - 카테고리 없음
2026-01-30 18:36:43,438 - INFO - [SUCCESS] 채널 58 처리 완료: {'status': 'skip', 'reason': 'No data'}
2026-01-30 18:36:43,438 - INFO - 
================================================================================
2026-01-30 18:36:43,438 - INFO - 채널 처리 중 [52/68]: channel_id=59
2026-01-30 18:36:43,438 - INFO - ================================================================================
2026-01-30 18:36:43,818 - INFO - [DEBUG] 채널 59 - 카테고리 조회 결과: [{'category_id': 12, 'category_name': '기타'}]
2026-01-30 18:36:44,222 - INFO - [DEBUG] 채널 59 - 총 게시글 수: 52
2026-01-30 18:36:44,611 - INFO - [DEBUG] 채널 59 - 기타 카테고리 게시글 수: 52
2026-01-30 18:36:44,611 - INFO - [DEBUG] 채널 59 - is_initial: True, post_count: 52, etc_ratio: 100.00%
2026-01-30 18:36:44,611 - INFO - [DEBUG] 채널 59 상태 - is_initial=True, post_count=52, etc_ratio=100.00%
2026-01-30 18:36:44,611 - INFO - [TRACK_A] 진입: 채널 59 (is_initial=True, post_count=52)
2026-01-30 18:36:49,857 - WARNING - [WARNING] 카테고리 '채용 공고' 임베딩 생성 실패, NULL로 저장
2026-01-30 18:36:50,667 - WARNING - [WARNING] 카테고리 '취업 특강 및 멘토링' 임베딩 생성 실패, NULL로 저장
2026-01-30 18:36:51,438 - WARNING - [WARNING] 카테고리 'SSAFY 채용 박람회 및 상시 채용관' 임베딩 생성 실패, NULL로 저장
2026-01-30 18:36:54,587 - WARNING - [WARNING] 카테고리 '채용 공고' (ID: 17) 임베딩 벡터 없음
2026-01-30 18:36:54,997 - WARNING - [WARNING] 카테고리 '취업 특강 및 멘토링' (ID: 18) 임베딩 벡터 없음
2026-01-30 18:36:55,414 - WARNING - [WARNING] 카테고리 'SSAFY 채용 박람회 및 상시 채용관' (ID: 19) 임베딩 벡터 없음
2026-01-30 18:36:55,414 - ERROR - [ERROR] 채널 59 - 사용 가능한 카테고리 임베딩 벡터 없음, 분류 중단
2026-01-30 18:36:55,416 - INFO - [SUCCESS] Track A 완료: 채널 59, 카테고리 3개 생성
2026-01-30 18:36:55,416 - INFO - [SUCCESS] 채널 59 처리 완료: {'status': 'success', 'track': 'A', 'new_categories': 3, 'classified_posts': 52}
2026-01-30 18:36:55,416 - INFO - 
================================================================================
2026-01-30 18:36:55,416 - INFO - 채널 처리 중 [53/68]: channel_id=60
2026-01-30 18:36:55,416 - INFO - ================================================================================
2026-01-30 18:36:55,810 - INFO - [DEBUG] 채널 60 - 카테고리 조회 결과: []
2026-01-30 18:36:55,810 - INFO - [DEBUG] 채널 60 - 카테고리 없음
2026-01-30 18:36:55,810 - INFO - [SKIP] 채널 60 - 카테고리 없음
2026-01-30 18:36:55,810 - INFO - [SUCCESS] 채널 60 처리 완료: {'status': 'skip', 'reason': 'No data'}
2026-01-30 18:36:55,810 - INFO - 
================================================================================
2026-01-30 18:36:55,812 - INFO - 채널 처리 중 [54/68]: channel_id=61
2026-01-30 18:36:55,812 - INFO - ================================================================================
2026-01-30 18:36:56,227 - INFO - [DEBUG] 채널 61 - 카테고리 조회 결과: []
2026-01-30 18:36:56,227 - INFO - [DEBUG] 채널 61 - 카테고리 없음
2026-01-30 18:36:56,227 - INFO - [SKIP] 채널 61 - 카테고리 없음
2026-01-30 18:36:56,227 - INFO - [SUCCESS] 채널 61 처리 완료: {'status': 'skip', 'reason': 'No data'}
2026-01-30 18:36:56,227 - INFO - 
================================================================================
2026-01-30 18:36:56,227 - INFO - 채널 처리 중 [55/68]: channel_id=62
2026-01-30 18:36:56,231 - INFO - ================================================================================
2026-01-30 18:36:56,617 - INFO - [DEBUG] 채널 62 - 카테고리 조회 결과: []
2026-01-30 18:36:56,619 - INFO - [DEBUG] 채널 62 - 카테고리 없음
2026-01-30 18:36:56,619 - INFO - [SKIP] 채널 62 - 카테고리 없음
2026-01-30 18:36:56,619 - INFO - [SUCCESS] 채널 62 처리 완료: {'status': 'skip', 'reason': 'No data'}
2026-01-30 18:36:56,619 - INFO - 
================================================================================
2026-01-30 18:36:56,619 - INFO - 채널 처리 중 [56/68]: channel_id=63
2026-01-30 18:36:56,621 - INFO - ================================================================================
2026-01-30 18:36:57,018 - INFO - [DEBUG] 채널 63 - 카테고리 조회 결과: []
2026-01-30 18:36:57,018 - INFO - [DEBUG] 채널 63 - 카테고리 없음
2026-01-30 18:36:57,018 - INFO - [SKIP] 채널 63 - 카테고리 없음
2026-01-30 18:36:57,018 - INFO - [SUCCESS] 채널 63 처리 완료: {'status': 'skip', 'reason': 'No data'}
2026-01-30 18:36:57,018 - INFO - 
================================================================================
2026-01-30 18:36:57,020 - INFO - 채널 처리 중 [57/68]: channel_id=64
2026-01-30 18:36:57,020 - INFO - ================================================================================
2026-01-30 18:36:57,400 - INFO - [DEBUG] 채널 64 - 카테고리 조회 결과: []
2026-01-30 18:36:57,402 - INFO - [DEBUG] 채널 64 - 카테고리 없음
2026-01-30 18:36:57,402 - INFO - [SKIP] 채널 64 - 카테고리 없음
2026-01-30 18:36:57,402 - INFO - [SUCCESS] 채널 64 처리 완료: {'status': 'skip', 'reason': 'No data'}
2026-01-30 18:36:57,402 - INFO - 
================================================================================
2026-01-30 18:36:57,402 - INFO - 채널 처리 중 [58/68]: channel_id=65
2026-01-30 18:36:57,402 - INFO - ================================================================================
2026-01-30 18:36:57,812 - INFO - [DEBUG] 채널 65 - 카테고리 조회 결과: []
2026-01-30 18:36:57,820 - INFO - [DEBUG] 채널 65 - 카테고리 없음
2026-01-30 18:36:57,820 - INFO - [SKIP] 채널 65 - 카테고리 없음
2026-01-30 18:36:57,820 - INFO - [SUCCESS] 채널 65 처리 완료: {'status': 'skip', 'reason': 'No data'}
2026-01-30 18:36:57,820 - INFO - 
================================================================================
2026-01-30 18:36:57,820 - INFO - 채널 처리 중 [59/68]: channel_id=19
2026-01-30 18:36:57,822 - INFO - ================================================================================
2026-01-30 18:36:58,228 - INFO - [DEBUG] 채널 19 - 카테고리 조회 결과: []
2026-01-30 18:36:58,229 - INFO - [DEBUG] 채널 19 - 카테고리 없음
2026-01-30 18:36:58,229 - INFO - [SKIP] 채널 19 - 카테고리 없음
2026-01-30 18:36:58,229 - INFO - [SUCCESS] 채널 19 처리 완료: {'status': 'skip', 'reason': 'No data'}
2026-01-30 18:36:58,231 - INFO - 
================================================================================
2026-01-30 18:36:58,231 - INFO - 채널 처리 중 [60/68]: channel_id=21
2026-01-30 18:36:58,231 - INFO - ================================================================================
2026-01-30 18:36:58,615 - INFO - [DEBUG] 채널 21 - 카테고리 조회 결과: []
2026-01-30 18:36:58,615 - INFO - [DEBUG] 채널 21 - 카테고리 없음
2026-01-30 18:36:58,615 - INFO - [SKIP] 채널 21 - 카테고리 없음
2026-01-30 18:36:58,615 - INFO - [SUCCESS] 채널 21 처리 완료: {'status': 'skip', 'reason': 'No data'}
2026-01-30 18:36:58,623 - INFO - 
================================================================================
2026-01-30 18:36:58,623 - INFO - 채널 처리 중 [61/68]: channel_id=27
2026-01-30 18:36:58,623 - INFO - ================================================================================
2026-01-30 18:36:59,028 - INFO - [DEBUG] 채널 27 - 카테고리 조회 결과: []
2026-01-30 18:36:59,028 - INFO - [DEBUG] 채널 27 - 카테고리 없음
2026-01-30 18:36:59,030 - INFO - [SKIP] 채널 27 - 카테고리 없음
2026-01-30 18:36:59,030 - INFO - [SUCCESS] 채널 27 처리 완료: {'status': 'skip', 'reason': 'No data'}
2026-01-30 18:36:59,030 - INFO - 
================================================================================
2026-01-30 18:36:59,030 - INFO - 채널 처리 중 [62/68]: channel_id=30
2026-01-30 18:36:59,030 - INFO - ================================================================================
2026-01-30 18:36:59,430 - INFO - [DEBUG] 채널 30 - 카테고리 조회 결과: []
2026-01-30 18:36:59,430 - INFO - [DEBUG] 채널 30 - 카테고리 없음
2026-01-30 18:36:59,432 - INFO - [SKIP] 채널 30 - 카테고리 없음
2026-01-30 18:36:59,432 - INFO - [SUCCESS] 채널 30 처리 완료: {'status': 'skip', 'reason': 'No data'}
2026-01-30 18:36:59,432 - INFO - 
================================================================================
2026-01-30 18:36:59,432 - INFO - 채널 처리 중 [63/68]: channel_id=31
2026-01-30 18:36:59,432 - INFO - ================================================================================
2026-01-30 18:36:59,828 - INFO - [DEBUG] 채널 31 - 카테고리 조회 결과: []
2026-01-30 18:36:59,828 - INFO - [DEBUG] 채널 31 - 카테고리 없음
2026-01-30 18:36:59,828 - INFO - [SKIP] 채널 31 - 카테고리 없음
2026-01-30 18:36:59,828 - INFO - [SUCCESS] 채널 31 처리 완료: {'status': 'skip', 'reason': 'No data'}
2026-01-30 18:36:59,828 - INFO - 
================================================================================
2026-01-30 18:36:59,828 - INFO - 채널 처리 중 [64/68]: channel_id=25
2026-01-30 18:36:59,828 - INFO - ================================================================================
2026-01-30 18:37:00,194 - INFO - [DEBUG] 채널 25 - 카테고리 조회 결과: []
2026-01-30 18:37:00,194 - INFO - [DEBUG] 채널 25 - 카테고리 없음
2026-01-30 18:37:00,194 - INFO - [SKIP] 채널 25 - 카테고리 없음
2026-01-30 18:37:00,194 - INFO - [SUCCESS] 채널 25 처리 완료: {'status': 'skip', 'reason': 'No data'}
2026-01-30 18:37:00,194 - INFO - 
================================================================================
2026-01-30 18:37:00,194 - INFO - 채널 처리 중 [65/68]: channel_id=32
2026-01-30 18:37:00,194 - INFO - ================================================================================
2026-01-30 18:37:00,587 - INFO - [DEBUG] 채널 32 - 카테고리 조회 결과: []
2026-01-30 18:37:00,587 - INFO - [DEBUG] 채널 32 - 카테고리 없음
2026-01-30 18:37:00,587 - INFO - [SKIP] 채널 32 - 카테고리 없음
2026-01-30 18:37:00,587 - INFO - [SUCCESS] 채널 32 처리 완료: {'status': 'skip', 'reason': 'No data'}
2026-01-30 18:37:00,598 - INFO - 
================================================================================
2026-01-30 18:37:00,598 - INFO - 채널 처리 중 [66/68]: channel_id=29
2026-01-30 18:37:00,599 - INFO - ================================================================================
2026-01-30 18:37:01,017 - INFO - [DEBUG] 채널 29 - 카테고리 조회 결과: []
2026-01-30 18:37:01,019 - INFO - [DEBUG] 채널 29 - 카테고리 없음
2026-01-30 18:37:01,019 - INFO - [SKIP] 채널 29 - 카테고리 없음
2026-01-30 18:37:01,020 - INFO - [SUCCESS] 채널 29 처리 완료: {'status': 'skip', 'reason': 'No data'}
2026-01-30 18:37:01,020 - INFO - 
================================================================================
2026-01-30 18:37:01,020 - INFO - 채널 처리 중 [67/68]: channel_id=33
2026-01-30 18:37:01,020 - INFO - ================================================================================
2026-01-30 18:37:01,428 - INFO - [DEBUG] 채널 33 - 카테고리 조회 결과: []
2026-01-30 18:37:01,429 - INFO - [DEBUG] 채널 33 - 카테고리 없음
2026-01-30 18:37:01,429 - INFO - [SKIP] 채널 33 - 카테고리 없음
2026-01-30 18:37:01,429 - INFO - [SUCCESS] 채널 33 처리 완료: {'status': 'skip', 'reason': 'No data'}
2026-01-30 18:37:01,429 - INFO - 
================================================================================
2026-01-30 18:37:01,429 - INFO - 채널 처리 중 [68/68]: channel_id=34
2026-01-30 18:37:01,431 - INFO - ================================================================================
2026-01-30 18:37:01,836 - INFO - [DEBUG] 채널 34 - 카테고리 조회 결과: [{'category_id': 10, 'category_name': '기타'}]
2026-01-30 18:37:02,346 - INFO - [DEBUG] 채널 34 - 총 게시글 수: 3
2026-01-30 18:37:02,767 - INFO - [DEBUG] 채널 34 - 기타 카테고리 게시글 수: 3
2026-01-30 18:37:02,769 - INFO - [DEBUG] 채널 34 - is_initial: True, post_count: 3, etc_ratio: 100.00%
2026-01-30 18:37:02,770 - INFO - [DEBUG] 채널 34 상태 - is_initial=True, post_count=3, etc_ratio=100.00%
2026-01-30 18:37:02,770 - INFO - [TRACK_B] 진입: 채널 34 (etc_ratio=100.00%)
2026-01-30 18:37:03,190 - INFO - [SUCCESS] 채널 34 처리 완료: {'status': 'skip', 'reason': 'No etc posts'}
2026-01-30 18:37:03,193 - INFO - [COMPLETE] 카테고리 최적화 완료: 2026-01-30 18:37:03.190700
2026-01-30 18:38:51,459 - INFO - [START] 카테고리 최적화 시작: 2026-01-30 18:38:51.459364
2026-01-30 18:38:51,461 - INFO - [FETCH] 채널 목록 조회 중...
2026-01-30 18:38:51,894 - INFO - [SUCCESS] 총 68개 채널 발견
2026-01-30 18:38:51,894 - INFO - 
================================================================================
2026-01-30 18:38:51,894 - INFO - 채널 처리 중 [1/68]: channel_id=16
2026-01-30 18:38:51,894 - INFO - ================================================================================
2026-01-30 18:38:52,286 - INFO - [DEBUG] 채널 16 - 카테고리 조회 결과: []
2026-01-30 18:38:52,288 - INFO - [DEBUG] 채널 16 - 카테고리 없음
2026-01-30 18:38:52,288 - INFO - [SKIP] 채널 16 - 카테고리 없음
2026-01-30 18:38:52,288 - INFO - [SUCCESS] 채널 16 처리 완료: {'status': 'skip', 'reason': 'No data'}
2026-01-30 18:38:52,288 - INFO - 
================================================================================
2026-01-30 18:38:52,289 - INFO - 채널 처리 중 [2/68]: channel_id=48
2026-01-30 18:38:52,289 - INFO - ================================================================================
2026-01-30 18:38:52,699 - INFO - [DEBUG] 채널 48 - 카테고리 조회 결과: []
2026-01-30 18:38:52,699 - INFO - [DEBUG] 채널 48 - 카테고리 없음
2026-01-30 18:38:52,699 - INFO - [SKIP] 채널 48 - 카테고리 없음
2026-01-30 18:38:52,699 - INFO - [SUCCESS] 채널 48 처리 완료: {'status': 'skip', 'reason': 'No data'}
2026-01-30 18:38:52,699 - INFO - 
================================================================================
2026-01-30 18:38:52,699 - INFO - 채널 처리 중 [3/68]: channel_id=17
2026-01-30 18:38:52,699 - INFO - ================================================================================
2026-01-30 18:38:53,086 - INFO - [DEBUG] 채널 17 - 카테고리 조회 결과: []
2026-01-30 18:38:53,086 - INFO - [DEBUG] 채널 17 - 카테고리 없음
2026-01-30 18:38:53,088 - INFO - [SKIP] 채널 17 - 카테고리 없음
2026-01-30 18:38:53,088 - INFO - [SUCCESS] 채널 17 처리 완료: {'status': 'skip', 'reason': 'No data'}
2026-01-30 18:38:53,088 - INFO - 
================================================================================
2026-01-30 18:38:53,088 - INFO - 채널 처리 중 [4/68]: channel_id=49
2026-01-30 18:38:53,088 - INFO - ================================================================================
2026-01-30 18:38:53,456 - INFO - [DEBUG] 채널 49 - 카테고리 조회 결과: []
2026-01-30 18:38:53,456 - INFO - [DEBUG] 채널 49 - 카테고리 없음
2026-01-30 18:38:53,458 - INFO - [SKIP] 채널 49 - 카테고리 없음
2026-01-30 18:38:53,458 - INFO - [SUCCESS] 채널 49 처리 완료: {'status': 'skip', 'reason': 'No data'}
2026-01-30 18:38:53,458 - INFO - 
================================================================================
2026-01-30 18:38:53,458 - INFO - 채널 처리 중 [5/68]: channel_id=50
2026-01-30 18:38:53,458 - INFO - ================================================================================
2026-01-30 18:38:53,854 - INFO - [DEBUG] 채널 50 - 카테고리 조회 결과: []
2026-01-30 18:38:53,854 - INFO - [DEBUG] 채널 50 - 카테고리 없음
2026-01-30 18:38:53,854 - INFO - [SKIP] 채널 50 - 카테고리 없음
2026-01-30 18:38:53,854 - INFO - [SUCCESS] 채널 50 처리 완료: {'status': 'skip', 'reason': 'No data'}
2026-01-30 18:38:53,854 - INFO - 
================================================================================
2026-01-30 18:38:53,854 - INFO - 채널 처리 중 [6/68]: channel_id=18
2026-01-30 18:38:53,854 - INFO - ================================================================================
2026-01-30 18:38:54,246 - INFO - [DEBUG] 채널 18 - 카테고리 조회 결과: []
2026-01-30 18:38:54,247 - INFO - [DEBUG] 채널 18 - 카테고리 없음
2026-01-30 18:38:54,247 - INFO - [SKIP] 채널 18 - 카테고리 없음
2026-01-30 18:38:54,248 - INFO - [SUCCESS] 채널 18 처리 완료: {'status': 'skip', 'reason': 'No data'}
2026-01-30 18:38:54,248 - INFO - 
================================================================================
2026-01-30 18:38:54,248 - INFO - 채널 처리 중 [7/68]: channel_id=20
2026-01-30 18:38:54,248 - INFO - ================================================================================
2026-01-30 18:38:54,637 - INFO - [DEBUG] 채널 20 - 카테고리 조회 결과: []
2026-01-30 18:38:54,637 - INFO - [DEBUG] 채널 20 - 카테고리 없음
2026-01-30 18:38:54,637 - INFO - [SKIP] 채널 20 - 카테고리 없음
2026-01-30 18:38:54,637 - INFO - [SUCCESS] 채널 20 처리 완료: {'status': 'skip', 'reason': 'No data'}
2026-01-30 18:38:54,637 - INFO - 
================================================================================
2026-01-30 18:38:54,637 - INFO - 채널 처리 중 [8/68]: channel_id=24
2026-01-30 18:38:54,637 - INFO - ================================================================================
2026-01-30 18:38:55,027 - INFO - [DEBUG] 채널 24 - 카테고리 조회 결과: []
2026-01-30 18:38:55,032 - INFO - [DEBUG] 채널 24 - 카테고리 없음
2026-01-30 18:38:55,033 - INFO - [SKIP] 채널 24 - 카테고리 없음
2026-01-30 18:38:55,033 - INFO - [SUCCESS] 채널 24 처리 완료: {'status': 'skip', 'reason': 'No data'}
2026-01-30 18:38:55,033 - INFO - 
================================================================================
2026-01-30 18:38:55,033 - INFO - 채널 처리 중 [9/68]: channel_id=15
2026-01-30 18:38:55,033 - INFO - ================================================================================
2026-01-30 18:38:55,444 - INFO - [DEBUG] 채널 15 - 카테고리 조회 결과: []
2026-01-30 18:38:55,444 - INFO - [DEBUG] 채널 15 - 카테고리 없음
2026-01-30 18:38:55,444 - INFO - [SKIP] 채널 15 - 카테고리 없음
2026-01-30 18:38:55,446 - INFO - [SUCCESS] 채널 15 처리 완료: {'status': 'skip', 'reason': 'No data'}
2026-01-30 18:38:55,446 - INFO - 
================================================================================
2026-01-30 18:38:55,446 - INFO - 채널 처리 중 [10/68]: channel_id=51
2026-01-30 18:38:55,446 - INFO - ================================================================================
2026-01-30 18:38:55,836 - INFO - [DEBUG] 채널 51 - 카테고리 조회 결과: []
2026-01-30 18:38:55,841 - INFO - [DEBUG] 채널 51 - 카테고리 없음
2026-01-30 18:38:55,843 - INFO - [SKIP] 채널 51 - 카테고리 없음
2026-01-30 18:38:55,843 - INFO - [SUCCESS] 채널 51 처리 완료: {'status': 'skip', 'reason': 'No data'}
2026-01-30 18:38:55,843 - INFO - 
================================================================================
2026-01-30 18:38:55,843 - INFO - 채널 처리 중 [11/68]: channel_id=52
2026-01-30 18:38:55,843 - INFO - ================================================================================
2026-01-30 18:38:56,234 - INFO - [DEBUG] 채널 52 - 카테고리 조회 결과: []
2026-01-30 18:38:56,234 - INFO - [DEBUG] 채널 52 - 카테고리 없음
2026-01-30 18:38:56,234 - INFO - [SKIP] 채널 52 - 카테고리 없음
2026-01-30 18:38:56,234 - INFO - [SUCCESS] 채널 52 처리 완료: {'status': 'skip', 'reason': 'No data'}
2026-01-30 18:38:56,234 - INFO - 
================================================================================
2026-01-30 18:38:56,236 - INFO - 채널 처리 중 [12/68]: channel_id=53
2026-01-30 18:38:56,236 - INFO - ================================================================================
2026-01-30 18:38:56,637 - INFO - [DEBUG] 채널 53 - 카테고리 조회 결과: []
2026-01-30 18:38:56,640 - INFO - [DEBUG] 채널 53 - 카테고리 없음
2026-01-30 18:38:56,640 - INFO - [SKIP] 채널 53 - 카테고리 없음
2026-01-30 18:38:56,640 - INFO - [SUCCESS] 채널 53 처리 완료: {'status': 'skip', 'reason': 'No data'}
2026-01-30 18:38:56,640 - INFO - 
================================================================================
2026-01-30 18:38:56,640 - INFO - 채널 처리 중 [13/68]: channel_id=54
2026-01-30 18:38:56,640 - INFO - ================================================================================
2026-01-30 18:38:57,032 - INFO - [DEBUG] 채널 54 - 카테고리 조회 결과: []
2026-01-30 18:38:57,035 - INFO - [DEBUG] 채널 54 - 카테고리 없음
2026-01-30 18:38:57,035 - INFO - [SKIP] 채널 54 - 카테고리 없음
2026-01-30 18:38:57,035 - INFO - [SUCCESS] 채널 54 처리 완료: {'status': 'skip', 'reason': 'No data'}
2026-01-30 18:38:57,036 - INFO - 
================================================================================
2026-01-30 18:38:57,036 - INFO - 채널 처리 중 [14/68]: channel_id=67
2026-01-30 18:38:57,036 - INFO - ================================================================================
2026-01-30 18:38:57,427 - INFO - [DEBUG] 채널 67 - 카테고리 조회 결과: []
2026-01-30 18:38:57,427 - INFO - [DEBUG] 채널 67 - 카테고리 없음
2026-01-30 18:38:57,427 - INFO - [SKIP] 채널 67 - 카테고리 없음
2026-01-30 18:38:57,435 - INFO - [SUCCESS] 채널 67 처리 완료: {'status': 'skip', 'reason': 'No data'}
2026-01-30 18:38:57,436 - INFO - 
================================================================================
2026-01-30 18:38:57,436 - INFO - 채널 처리 중 [15/68]: channel_id=2
2026-01-30 18:38:57,436 - INFO - ================================================================================
2026-01-30 18:38:57,816 - INFO - [DEBUG] 채널 2 - 카테고리 조회 결과: [{'category_id': 8, 'category_name': '기타'}]
2026-01-30 18:38:58,206 - INFO - [DEBUG] 채널 2 - 총 게시글 수: 1
2026-01-30 18:38:58,594 - INFO - [DEBUG] 채널 2 - 기타 카테고리 게시글 수: 1
2026-01-30 18:38:58,594 - INFO - [DEBUG] 채널 2 - is_initial: True, post_count: 1, etc_ratio: 100.00%
2026-01-30 18:38:58,597 - INFO - [DEBUG] 채널 2 상태 - is_initial=True, post_count=1, etc_ratio=100.00%
2026-01-30 18:38:58,597 - INFO - [TRACK_B] 진입: 채널 2 (etc_ratio=100.00%)
2026-01-30 18:38:58,992 - INFO - [SUCCESS] 채널 2 처리 완료: {'status': 'skip', 'reason': 'No etc posts'}
2026-01-30 18:38:58,992 - INFO - 
================================================================================
2026-01-30 18:38:58,992 - INFO - 채널 처리 중 [16/68]: channel_id=1
2026-01-30 18:38:58,992 - INFO - ================================================================================
2026-01-30 18:38:59,373 - INFO - [DEBUG] 채널 1 - 카테고리 조회 결과: [{'category_id': 1, 'category_name': '기타'}, {'category_id': 3, 'category_name': '취업특강정보'}, {'category_id': 4, 'category_name': '개발 관련 문제 해결 도움 요청'}, {'category_id': 5, 'category_name': '스터디/모임 모집'}, {'category_id': 6, 'category_name': '식사/음료 함께 하실 분 모집'}, {'category_id': 7, 'category_name': '기타'}]
2026-01-30 18:38:59,837 - INFO - [DEBUG] 채널 1 - 총 게시글 수: 66
2026-01-30 18:39:00,545 - INFO - [DEBUG] 채널 1 - 기타 카테고리 게시글 수: 18
2026-01-30 18:39:00,545 - INFO - [DEBUG] 채널 1 - is_initial: False, post_count: 66, etc_ratio: 27.27%
2026-01-30 18:39:00,545 - INFO - [DEBUG] 채널 1 상태 - is_initial=False, post_count=66, etc_ratio=27.27%
2026-01-30 18:39:00,545 - INFO - [TRACK_B] 진입: 채널 1 (etc_ratio=27.27%)
2026-01-30 18:39:01,708 - INFO - [SUCCESS] 채널 1 처리 완료: {'status': 'skip', 'reason': 'No etc posts'}
2026-01-30 18:39:01,708 - INFO - 
================================================================================
2026-01-30 18:39:01,708 - INFO - 채널 처리 중 [17/68]: channel_id=3
2026-01-30 18:39:01,708 - INFO - ================================================================================
2026-01-30 18:39:02,518 - INFO - [DEBUG] 채널 3 - 카테고리 조회 결과: []
2026-01-30 18:39:02,518 - INFO - [DEBUG] 채널 3 - 카테고리 없음
2026-01-30 18:39:02,529 - INFO - [SKIP] 채널 3 - 카테고리 없음
2026-01-30 18:39:02,530 - INFO - [SUCCESS] 채널 3 처리 완료: {'status': 'skip', 'reason': 'No data'}
2026-01-30 18:39:02,531 - INFO - 
================================================================================
2026-01-30 18:39:02,531 - INFO - 채널 처리 중 [18/68]: channel_id=4
2026-01-30 18:39:02,531 - INFO - ================================================================================
2026-01-30 18:39:02,956 - INFO - [DEBUG] 채널 4 - 카테고리 조회 결과: []
2026-01-30 18:39:02,956 - INFO - [DEBUG] 채널 4 - 카테고리 없음
2026-01-30 18:39:02,956 - INFO - [SKIP] 채널 4 - 카테고리 없음
2026-01-30 18:39:02,956 - INFO - [SUCCESS] 채널 4 처리 완료: {'status': 'skip', 'reason': 'No data'}
2026-01-30 18:39:02,956 - INFO - 
================================================================================
2026-01-30 18:39:02,956 - INFO - 채널 처리 중 [19/68]: channel_id=43
2026-01-30 18:39:02,956 - INFO - ================================================================================
2026-01-30 18:39:03,423 - INFO - [DEBUG] 채널 43 - 카테고리 조회 결과: []
2026-01-30 18:39:03,424 - INFO - [DEBUG] 채널 43 - 카테고리 없음
2026-01-30 18:39:03,425 - INFO - [SKIP] 채널 43 - 카테고리 없음
2026-01-30 18:39:03,425 - INFO - [SUCCESS] 채널 43 처리 완료: {'status': 'skip', 'reason': 'No data'}
2026-01-30 18:39:03,425 - INFO - 
================================================================================
2026-01-30 18:39:03,425 - INFO - 채널 처리 중 [20/68]: channel_id=44
2026-01-30 18:39:03,425 - INFO - ================================================================================
2026-01-30 18:39:03,909 - INFO - [DEBUG] 채널 44 - 카테고리 조회 결과: []
2026-01-30 18:39:03,917 - INFO - [DEBUG] 채널 44 - 카테고리 없음
2026-01-30 18:39:03,918 - INFO - [SKIP] 채널 44 - 카테고리 없음
2026-01-30 18:39:03,918 - INFO - [SUCCESS] 채널 44 처리 완료: {'status': 'skip', 'reason': 'No data'}
2026-01-30 18:39:03,918 - INFO - 
================================================================================
2026-01-30 18:39:03,918 - INFO - 채널 처리 중 [21/68]: channel_id=5
2026-01-30 18:39:03,918 - INFO - ================================================================================
2026-01-30 18:39:04,339 - INFO - [DEBUG] 채널 5 - 카테고리 조회 결과: []
2026-01-30 18:39:04,339 - INFO - [DEBUG] 채널 5 - 카테고리 없음
2026-01-30 18:39:04,339 - INFO - [SKIP] 채널 5 - 카테고리 없음
2026-01-30 18:39:04,339 - INFO - [SUCCESS] 채널 5 처리 완료: {'status': 'skip', 'reason': 'No data'}
2026-01-30 18:39:04,340 - INFO - 
================================================================================
2026-01-30 18:39:04,340 - INFO - 채널 처리 중 [22/68]: channel_id=6
2026-01-30 18:39:04,341 - INFO - ================================================================================
2026-01-30 18:39:04,808 - INFO - [DEBUG] 채널 6 - 카테고리 조회 결과: [{'category_id': 9, 'category_name': '기타'}]
2026-01-30 18:39:05,232 - INFO - [DEBUG] 채널 6 - 총 게시글 수: 2
2026-01-30 18:39:05,649 - INFO - [DEBUG] 채널 6 - 기타 카테고리 게시글 수: 2
2026-01-30 18:39:05,649 - INFO - [DEBUG] 채널 6 - is_initial: True, post_count: 2, etc_ratio: 100.00%
2026-01-30 18:39:05,649 - INFO - [DEBUG] 채널 6 상태 - is_initial=True, post_count=2, etc_ratio=100.00%
2026-01-30 18:39:05,649 - INFO - [TRACK_B] 진입: 채널 6 (etc_ratio=100.00%)
2026-01-30 18:39:06,050 - INFO - [SUCCESS] 채널 6 처리 완료: {'status': 'skip', 'reason': 'No etc posts'}
2026-01-30 18:39:06,050 - INFO - 
================================================================================
2026-01-30 18:39:06,050 - INFO - 채널 처리 중 [23/68]: channel_id=7
2026-01-30 18:39:06,050 - INFO - ================================================================================
2026-01-30 18:39:06,448 - INFO - [DEBUG] 채널 7 - 카테고리 조회 결과: []
2026-01-30 18:39:06,452 - INFO - [DEBUG] 채널 7 - 카테고리 없음
2026-01-30 18:39:06,452 - INFO - [SKIP] 채널 7 - 카테고리 없음
2026-01-30 18:39:06,452 - INFO - [SUCCESS] 채널 7 처리 완료: {'status': 'skip', 'reason': 'No data'}
2026-01-30 18:39:06,452 - INFO - 
================================================================================
2026-01-30 18:39:06,452 - INFO - 채널 처리 중 [24/68]: channel_id=55
2026-01-30 18:39:06,452 - INFO - ================================================================================
2026-01-30 18:39:06,882 - INFO - [DEBUG] 채널 55 - 카테고리 조회 결과: []
2026-01-30 18:39:06,882 - INFO - [DEBUG] 채널 55 - 카테고리 없음
2026-01-30 18:39:06,882 - INFO - [SKIP] 채널 55 - 카테고리 없음
2026-01-30 18:39:06,882 - INFO - [SUCCESS] 채널 55 처리 완료: {'status': 'skip', 'reason': 'No data'}
2026-01-30 18:39:06,882 - INFO - 
================================================================================
2026-01-30 18:39:06,882 - INFO - 채널 처리 중 [25/68]: channel_id=22
2026-01-30 18:39:06,882 - INFO - ================================================================================
2026-01-30 18:39:07,359 - INFO - [DEBUG] 채널 22 - 카테고리 조회 결과: []
2026-01-30 18:39:07,359 - INFO - [DEBUG] 채널 22 - 카테고리 없음
2026-01-30 18:39:07,359 - INFO - [SKIP] 채널 22 - 카테고리 없음
2026-01-30 18:39:07,362 - INFO - [SUCCESS] 채널 22 처리 완료: {'status': 'skip', 'reason': 'No data'}
2026-01-30 18:39:07,362 - INFO - 
================================================================================
2026-01-30 18:39:07,362 - INFO - 채널 처리 중 [26/68]: channel_id=23
2026-01-30 18:39:07,362 - INFO - ================================================================================
2026-01-30 18:39:07,766 - INFO - [DEBUG] 채널 23 - 카테고리 조회 결과: []
2026-01-30 18:39:07,766 - INFO - [DEBUG] 채널 23 - 카테고리 없음
2026-01-30 18:39:07,766 - INFO - [SKIP] 채널 23 - 카테고리 없음
2026-01-30 18:39:07,766 - INFO - [SUCCESS] 채널 23 처리 완료: {'status': 'skip', 'reason': 'No data'}
2026-01-30 18:39:07,766 - INFO - 
================================================================================
2026-01-30 18:39:07,766 - INFO - 채널 처리 중 [27/68]: channel_id=9
2026-01-30 18:39:07,766 - INFO - ================================================================================
2026-01-30 18:39:08,276 - INFO - [DEBUG] 채널 9 - 카테고리 조회 결과: []
2026-01-30 18:39:08,276 - INFO - [DEBUG] 채널 9 - 카테고리 없음
2026-01-30 18:39:08,276 - INFO - [SKIP] 채널 9 - 카테고리 없음
2026-01-30 18:39:08,276 - INFO - [SUCCESS] 채널 9 처리 완료: {'status': 'skip', 'reason': 'No data'}
2026-01-30 18:39:08,276 - INFO - 
================================================================================
2026-01-30 18:39:08,276 - INFO - 채널 처리 중 [28/68]: channel_id=26
2026-01-30 18:39:08,286 - INFO - ================================================================================
2026-01-30 18:39:08,693 - INFO - [DEBUG] 채널 26 - 카테고리 조회 결과: []
2026-01-30 18:39:08,693 - INFO - [DEBUG] 채널 26 - 카테고리 없음
2026-01-30 18:39:08,695 - INFO - [SKIP] 채널 26 - 카테고리 없음
2026-01-30 18:39:08,695 - INFO - [SUCCESS] 채널 26 처리 완료: {'status': 'skip', 'reason': 'No data'}
2026-01-30 18:39:08,695 - INFO - 
================================================================================
2026-01-30 18:39:08,695 - INFO - 채널 처리 중 [29/68]: channel_id=10
2026-01-30 18:39:08,696 - INFO - ================================================================================
2026-01-30 18:39:09,136 - INFO - [DEBUG] 채널 10 - 카테고리 조회 결과: []
2026-01-30 18:39:09,137 - INFO - [DEBUG] 채널 10 - 카테고리 없음
2026-01-30 18:39:09,137 - INFO - [SKIP] 채널 10 - 카테고리 없음
2026-01-30 18:39:09,137 - INFO - [SUCCESS] 채널 10 처리 완료: {'status': 'skip', 'reason': 'No data'}
2026-01-30 18:39:09,137 - INFO - 
================================================================================
2026-01-30 18:39:09,137 - INFO - 채널 처리 중 [30/68]: channel_id=28
2026-01-30 18:39:09,137 - INFO - ================================================================================
2026-01-30 18:39:09,596 - INFO - [DEBUG] 채널 28 - 카테고리 조회 결과: []
2026-01-30 18:39:09,601 - INFO - [DEBUG] 채널 28 - 카테고리 없음
2026-01-30 18:39:09,601 - INFO - [SKIP] 채널 28 - 카테고리 없음
2026-01-30 18:39:09,601 - INFO - [SUCCESS] 채널 28 처리 완료: {'status': 'skip', 'reason': 'No data'}
2026-01-30 18:39:09,601 - INFO - 
================================================================================
2026-01-30 18:39:09,601 - INFO - 채널 처리 중 [31/68]: channel_id=45
2026-01-30 18:39:09,601 - INFO - ================================================================================
2026-01-30 18:39:10,046 - INFO - [DEBUG] 채널 45 - 카테고리 조회 결과: []
2026-01-30 18:39:10,046 - INFO - [DEBUG] 채널 45 - 카테고리 없음
2026-01-30 18:39:10,046 - INFO - [SKIP] 채널 45 - 카테고리 없음
2026-01-30 18:39:10,048 - INFO - [SUCCESS] 채널 45 처리 완료: {'status': 'skip', 'reason': 'No data'}
2026-01-30 18:39:10,048 - INFO - 
================================================================================
2026-01-30 18:39:10,048 - INFO - 채널 처리 중 [32/68]: channel_id=11
2026-01-30 18:39:10,048 - INFO - ================================================================================
2026-01-30 18:39:10,515 - INFO - [DEBUG] 채널 11 - 카테고리 조회 결과: []
2026-01-30 18:39:10,518 - INFO - [DEBUG] 채널 11 - 카테고리 없음
2026-01-30 18:39:10,519 - INFO - [SKIP] 채널 11 - 카테고리 없음
2026-01-30 18:39:10,519 - INFO - [SUCCESS] 채널 11 처리 완료: {'status': 'skip', 'reason': 'No data'}
2026-01-30 18:39:10,519 - INFO - 
================================================================================
2026-01-30 18:39:10,519 - INFO - 채널 처리 중 [33/68]: channel_id=56
2026-01-30 18:39:10,519 - INFO - ================================================================================
2026-01-30 18:39:10,998 - INFO - [DEBUG] 채널 56 - 카테고리 조회 결과: []
2026-01-30 18:39:10,998 - INFO - [DEBUG] 채널 56 - 카테고리 없음
2026-01-30 18:39:10,998 - INFO - [SKIP] 채널 56 - 카테고리 없음
2026-01-30 18:39:11,000 - INFO - [SUCCESS] 채널 56 처리 완료: {'status': 'skip', 'reason': 'No data'}
2026-01-30 18:39:11,000 - INFO - 
================================================================================
2026-01-30 18:39:11,000 - INFO - 채널 처리 중 [34/68]: channel_id=12
2026-01-30 18:39:11,000 - INFO - ================================================================================
2026-01-30 18:39:11,449 - INFO - [DEBUG] 채널 12 - 카테고리 조회 결과: []
2026-01-30 18:39:11,451 - INFO - [DEBUG] 채널 12 - 카테고리 없음
2026-01-30 18:39:11,451 - INFO - [SKIP] 채널 12 - 카테고리 없음
2026-01-30 18:39:11,451 - INFO - [SUCCESS] 채널 12 처리 완료: {'status': 'skip', 'reason': 'No data'}
2026-01-30 18:39:11,451 - INFO - 
================================================================================
2026-01-30 18:39:11,451 - INFO - 채널 처리 중 [35/68]: channel_id=46
2026-01-30 18:39:11,451 - INFO - ================================================================================
2026-01-30 18:39:11,856 - INFO - [DEBUG] 채널 46 - 카테고리 조회 결과: []
2026-01-30 18:39:11,856 - INFO - [DEBUG] 채널 46 - 카테고리 없음
2026-01-30 18:39:11,866 - INFO - [SKIP] 채널 46 - 카테고리 없음
2026-01-30 18:39:11,866 - INFO - [SUCCESS] 채널 46 처리 완료: {'status': 'skip', 'reason': 'No data'}
2026-01-30 18:39:11,866 - INFO - 
================================================================================
2026-01-30 18:39:11,866 - INFO - 채널 처리 중 [36/68]: channel_id=8
2026-01-30 18:39:11,866 - INFO - ================================================================================
2026-01-30 18:39:12,351 - INFO - [DEBUG] 채널 8 - 카테고리 조회 결과: []
2026-01-30 18:39:12,352 - INFO - [DEBUG] 채널 8 - 카테고리 없음
2026-01-30 18:39:12,354 - INFO - [SKIP] 채널 8 - 카테고리 없음
2026-01-30 18:39:12,354 - INFO - [SUCCESS] 채널 8 처리 완료: {'status': 'skip', 'reason': 'No data'}
2026-01-30 18:39:12,354 - INFO - 
================================================================================
2026-01-30 18:39:12,354 - INFO - 채널 처리 중 [37/68]: channel_id=47
2026-01-30 18:39:12,354 - INFO - ================================================================================
2026-01-30 18:39:12,746 - INFO - [DEBUG] 채널 47 - 카테고리 조회 결과: []
2026-01-30 18:39:12,748 - INFO - [DEBUG] 채널 47 - 카테고리 없음
2026-01-30 18:39:12,749 - INFO - [SKIP] 채널 47 - 카테고리 없음
2026-01-30 18:39:12,749 - INFO - [SUCCESS] 채널 47 처리 완료: {'status': 'skip', 'reason': 'No data'}
2026-01-30 18:39:12,749 - INFO - 
================================================================================
2026-01-30 18:39:12,749 - INFO - 채널 처리 중 [38/68]: channel_id=68
2026-01-30 18:39:12,753 - INFO - ================================================================================
2026-01-30 18:39:13,148 - INFO - [DEBUG] 채널 68 - 카테고리 조회 결과: []
2026-01-30 18:39:13,150 - INFO - [DEBUG] 채널 68 - 카테고리 없음
2026-01-30 18:39:13,150 - INFO - [SKIP] 채널 68 - 카테고리 없음
2026-01-30 18:39:13,150 - INFO - [SUCCESS] 채널 68 처리 완료: {'status': 'skip', 'reason': 'No data'}
2026-01-30 18:39:13,150 - INFO - 
================================================================================
2026-01-30 18:39:13,150 - INFO - 채널 처리 중 [39/68]: channel_id=13
2026-01-30 18:39:13,150 - INFO - ================================================================================
2026-01-30 18:39:13,597 - INFO - [DEBUG] 채널 13 - 카테고리 조회 결과: []
2026-01-30 18:39:13,598 - INFO - [DEBUG] 채널 13 - 카테고리 없음
2026-01-30 18:39:13,598 - INFO - [SKIP] 채널 13 - 카테고리 없음
2026-01-30 18:39:13,598 - INFO - [SUCCESS] 채널 13 처리 완료: {'status': 'skip', 'reason': 'No data'}
2026-01-30 18:39:13,598 - INFO - 
================================================================================
2026-01-30 18:39:13,598 - INFO - 채널 처리 중 [40/68]: channel_id=14
2026-01-30 18:39:13,598 - INFO - ================================================================================
2026-01-30 18:39:13,996 - INFO - [DEBUG] 채널 14 - 카테고리 조회 결과: []
2026-01-30 18:39:13,998 - INFO - [DEBUG] 채널 14 - 카테고리 없음
2026-01-30 18:39:13,999 - INFO - [SKIP] 채널 14 - 카테고리 없음
2026-01-30 18:39:13,999 - INFO - [SUCCESS] 채널 14 처리 완료: {'status': 'skip', 'reason': 'No data'}
2026-01-30 18:39:13,999 - INFO - 
================================================================================
2026-01-30 18:39:13,999 - INFO - 채널 처리 중 [41/68]: channel_id=40
2026-01-30 18:39:14,001 - INFO - ================================================================================
2026-01-30 18:39:14,373 - INFO - [DEBUG] 채널 40 - 카테고리 조회 결과: []
2026-01-30 18:39:14,379 - INFO - [DEBUG] 채널 40 - 카테고리 없음
2026-01-30 18:39:14,379 - INFO - [SKIP] 채널 40 - 카테고리 없음
2026-01-30 18:39:14,379 - INFO - [SUCCESS] 채널 40 처리 완료: {'status': 'skip', 'reason': 'No data'}
2026-01-30 18:39:14,379 - INFO - 
================================================================================
2026-01-30 18:39:14,379 - INFO - 채널 처리 중 [42/68]: channel_id=66
2026-01-30 18:39:14,379 - INFO - ================================================================================
2026-01-30 18:39:14,775 - INFO - [DEBUG] 채널 66 - 카테고리 조회 결과: []
2026-01-30 18:39:14,775 - INFO - [DEBUG] 채널 66 - 카테고리 없음
2026-01-30 18:39:14,777 - INFO - [SKIP] 채널 66 - 카테고리 없음
2026-01-30 18:39:14,778 - INFO - [SUCCESS] 채널 66 처리 완료: {'status': 'skip', 'reason': 'No data'}
2026-01-30 18:39:14,778 - INFO - 
================================================================================
2026-01-30 18:39:14,778 - INFO - 채널 처리 중 [43/68]: channel_id=35
2026-01-30 18:39:14,778 - INFO - ================================================================================
2026-01-30 18:39:15,158 - INFO - [DEBUG] 채널 35 - 카테고리 조회 결과: [{'category_id': 11, 'category_name': '기타'}]
2026-01-30 18:39:15,558 - INFO - [DEBUG] 채널 35 - 총 게시글 수: 4
2026-01-30 18:39:15,968 - INFO - [DEBUG] 채널 35 - 기타 카테고리 게시글 수: 4
2026-01-30 18:39:15,968 - INFO - [DEBUG] 채널 35 - is_initial: True, post_count: 4, etc_ratio: 100.00%
2026-01-30 18:39:15,968 - INFO - [DEBUG] 채널 35 상태 - is_initial=True, post_count=4, etc_ratio=100.00%
2026-01-30 18:39:15,968 - INFO - [TRACK_B] 진입: 채널 35 (etc_ratio=100.00%)
2026-01-30 18:39:16,434 - INFO - [SUCCESS] 채널 35 처리 완료: {'status': 'skip', 'reason': 'No etc posts'}
2026-01-30 18:39:16,434 - INFO - 
================================================================================
2026-01-30 18:39:16,436 - INFO - 채널 처리 중 [44/68]: channel_id=36
2026-01-30 18:39:16,436 - INFO - ================================================================================
2026-01-30 18:39:16,849 - INFO - [DEBUG] 채널 36 - 카테고리 조회 결과: []
2026-01-30 18:39:16,851 - INFO - [DEBUG] 채널 36 - 카테고리 없음
2026-01-30 18:39:16,851 - INFO - [SKIP] 채널 36 - 카테고리 없음
2026-01-30 18:39:16,851 - INFO - [SUCCESS] 채널 36 처리 완료: {'status': 'skip', 'reason': 'No data'}
2026-01-30 18:39:16,851 - INFO - 
================================================================================
2026-01-30 18:39:16,851 - INFO - 채널 처리 중 [45/68]: channel_id=37
2026-01-30 18:39:16,851 - INFO - ================================================================================
2026-01-30 18:39:17,247 - INFO - [DEBUG] 채널 37 - 카테고리 조회 결과: []
2026-01-30 18:39:17,257 - INFO - [DEBUG] 채널 37 - 카테고리 없음
2026-01-30 18:39:17,257 - INFO - [SKIP] 채널 37 - 카테고리 없음
2026-01-30 18:39:17,257 - INFO - [SUCCESS] 채널 37 처리 완료: {'status': 'skip', 'reason': 'No data'}
2026-01-30 18:39:17,257 - INFO - 
================================================================================
2026-01-30 18:39:17,257 - INFO - 채널 처리 중 [46/68]: channel_id=38
2026-01-30 18:39:17,257 - INFO - ================================================================================
2026-01-30 18:39:17,655 - INFO - [DEBUG] 채널 38 - 카테고리 조회 결과: [{'category_id': 13, 'category_name': '기타'}]
2026-01-30 18:39:18,055 - INFO - [DEBUG] 채널 38 - 총 게시글 수: 1
2026-01-30 18:39:18,511 - INFO - [DEBUG] 채널 38 - 기타 카테고리 게시글 수: 1
2026-01-30 18:39:18,511 - INFO - [DEBUG] 채널 38 - is_initial: True, post_count: 1, etc_ratio: 100.00%
2026-01-30 18:39:18,511 - INFO - [DEBUG] 채널 38 상태 - is_initial=True, post_count=1, etc_ratio=100.00%
2026-01-30 18:39:18,511 - INFO - [TRACK_B] 진입: 채널 38 (etc_ratio=100.00%)
2026-01-30 18:39:18,952 - INFO - [SUCCESS] 채널 38 처리 완료: {'status': 'skip', 'reason': 'No etc posts'}
2026-01-30 18:39:18,952 - INFO - 
================================================================================
2026-01-30 18:39:18,952 - INFO - 채널 처리 중 [47/68]: channel_id=57
2026-01-30 18:39:18,952 - INFO - ================================================================================
2026-01-30 18:39:19,345 - INFO - [DEBUG] 채널 57 - 카테고리 조회 결과: []
2026-01-30 18:39:19,353 - INFO - [DEBUG] 채널 57 - 카테고리 없음
2026-01-30 18:39:19,353 - INFO - [SKIP] 채널 57 - 카테고리 없음
2026-01-30 18:39:19,353 - INFO - [SUCCESS] 채널 57 처리 완료: {'status': 'skip', 'reason': 'No data'}
2026-01-30 18:39:19,353 - INFO - 
================================================================================
2026-01-30 18:39:19,353 - INFO - 채널 처리 중 [48/68]: channel_id=39
2026-01-30 18:39:19,353 - INFO - ================================================================================
2026-01-30 18:39:19,747 - INFO - [DEBUG] 채널 39 - 카테고리 조회 결과: []
2026-01-30 18:39:19,747 - INFO - [DEBUG] 채널 39 - 카테고리 없음
2026-01-30 18:39:19,747 - INFO - [SKIP] 채널 39 - 카테고리 없음
2026-01-30 18:39:19,747 - INFO - [SUCCESS] 채널 39 처리 완료: {'status': 'skip', 'reason': 'No data'}
2026-01-30 18:39:19,747 - INFO - 
================================================================================
2026-01-30 18:39:19,747 - INFO - 채널 처리 중 [49/68]: channel_id=41
2026-01-30 18:39:19,747 - INFO - ================================================================================
2026-01-30 18:39:20,142 - INFO - [DEBUG] 채널 41 - 카테고리 조회 결과: []
2026-01-30 18:39:20,152 - INFO - [DEBUG] 채널 41 - 카테고리 없음
2026-01-30 18:39:20,152 - INFO - [SKIP] 채널 41 - 카테고리 없음
2026-01-30 18:39:20,152 - INFO - [SUCCESS] 채널 41 처리 완료: {'status': 'skip', 'reason': 'No data'}
2026-01-30 18:39:20,152 - INFO - 
================================================================================
2026-01-30 18:39:20,152 - INFO - 채널 처리 중 [50/68]: channel_id=42
2026-01-30 18:39:20,152 - INFO - ================================================================================
2026-01-30 18:39:20,519 - INFO - [DEBUG] 채널 42 - 카테고리 조회 결과: []
2026-01-30 18:39:20,519 - INFO - [DEBUG] 채널 42 - 카테고리 없음
2026-01-30 18:39:20,519 - INFO - [SKIP] 채널 42 - 카테고리 없음
2026-01-30 18:39:20,519 - INFO - [SUCCESS] 채널 42 처리 완료: {'status': 'skip', 'reason': 'No data'}
2026-01-30 18:39:20,519 - INFO - 
================================================================================
2026-01-30 18:39:20,519 - INFO - 채널 처리 중 [51/68]: channel_id=58
2026-01-30 18:39:20,519 - INFO - ================================================================================
2026-01-30 18:39:20,909 - INFO - [DEBUG] 채널 58 - 카테고리 조회 결과: []
2026-01-30 18:39:20,911 - INFO - [DEBUG] 채널 58 - 카테고리 없음
2026-01-30 18:39:20,912 - INFO - [SKIP] 채널 58 - 카테고리 없음
2026-01-30 18:39:20,912 - INFO - [SUCCESS] 채널 58 처리 완료: {'status': 'skip', 'reason': 'No data'}
2026-01-30 18:39:20,912 - INFO - 
================================================================================
2026-01-30 18:39:20,912 - INFO - 채널 처리 중 [52/68]: channel_id=59
2026-01-30 18:39:20,912 - INFO - ================================================================================
2026-01-30 18:39:21,333 - INFO - [DEBUG] 채널 59 - 카테고리 조회 결과: [{'category_id': 12, 'category_name': '기타'}, {'category_id': 17, 'category_name': '채용 공고'}, {'category_id': 18, 'category_name': '취업 특강 및 멘토링'}, {'category_id': 19, 'category_name': 'SSAFY 채용 박람회 및 상시 채용관'}]
2026-01-30 18:39:21,750 - INFO - [DEBUG] 채널 59 - 총 게시글 수: 52
2026-01-30 18:39:22,137 - INFO - [DEBUG] 채널 59 - 기타 카테고리 게시글 수: 52
2026-01-30 18:39:22,142 - INFO - [DEBUG] 채널 59 - is_initial: False, post_count: 52, etc_ratio: 100.00%
2026-01-30 18:39:22,142 - INFO - [DEBUG] 채널 59 상태 - is_initial=False, post_count=52, etc_ratio=100.00%
2026-01-30 18:39:22,157 - INFO - [TRACK_B] 진입: 채널 59 (etc_ratio=100.00%)
2026-01-30 18:39:22,532 - INFO - [SUCCESS] 채널 59 처리 완료: {'status': 'skip', 'reason': 'No etc posts'}
2026-01-30 18:39:22,532 - INFO - 
================================================================================
2026-01-30 18:39:22,532 - INFO - 채널 처리 중 [53/68]: channel_id=60
2026-01-30 18:39:22,532 - INFO - ================================================================================
2026-01-30 18:39:22,941 - INFO - [DEBUG] 채널 60 - 카테고리 조회 결과: []
2026-01-30 18:39:22,942 - INFO - [DEBUG] 채널 60 - 카테고리 없음
2026-01-30 18:39:22,942 - INFO - [SKIP] 채널 60 - 카테고리 없음
2026-01-30 18:39:22,942 - INFO - [SUCCESS] 채널 60 처리 완료: {'status': 'skip', 'reason': 'No data'}
2026-01-30 18:39:22,942 - INFO - 
================================================================================
2026-01-30 18:39:22,942 - INFO - 채널 처리 중 [54/68]: channel_id=61
2026-01-30 18:39:22,942 - INFO - ================================================================================
2026-01-30 18:39:23,367 - INFO - [DEBUG] 채널 61 - 카테고리 조회 결과: []
2026-01-30 18:39:23,367 - INFO - [DEBUG] 채널 61 - 카테고리 없음
2026-01-30 18:39:23,369 - INFO - [SKIP] 채널 61 - 카테고리 없음
2026-01-30 18:39:23,372 - INFO - [SUCCESS] 채널 61 처리 완료: {'status': 'skip', 'reason': 'No data'}
2026-01-30 18:39:23,372 - INFO - 
================================================================================
2026-01-30 18:39:23,377 - INFO - 채널 처리 중 [55/68]: channel_id=62
2026-01-30 18:39:23,385 - INFO - ================================================================================
2026-01-30 18:39:23,786 - INFO - [DEBUG] 채널 62 - 카테고리 조회 결과: []
2026-01-30 18:39:23,787 - INFO - [DEBUG] 채널 62 - 카테고리 없음
2026-01-30 18:39:23,787 - INFO - [SKIP] 채널 62 - 카테고리 없음
2026-01-30 18:39:23,788 - INFO - [SUCCESS] 채널 62 처리 완료: {'status': 'skip', 'reason': 'No data'}
2026-01-30 18:39:23,788 - INFO - 
================================================================================
2026-01-30 18:39:23,788 - INFO - 채널 처리 중 [56/68]: channel_id=63
2026-01-30 18:39:23,788 - INFO - ================================================================================
2026-01-30 18:39:24,176 - INFO - [DEBUG] 채널 63 - 카테고리 조회 결과: []
2026-01-30 18:39:24,176 - INFO - [DEBUG] 채널 63 - 카테고리 없음
2026-01-30 18:39:24,176 - INFO - [SKIP] 채널 63 - 카테고리 없음
2026-01-30 18:39:24,176 - INFO - [SUCCESS] 채널 63 처리 완료: {'status': 'skip', 'reason': 'No data'}
2026-01-30 18:39:24,176 - INFO - 
================================================================================
2026-01-30 18:39:24,176 - INFO - 채널 처리 중 [57/68]: channel_id=64
2026-01-30 18:39:24,176 - INFO - ================================================================================
2026-01-30 18:39:24,612 - INFO - [DEBUG] 채널 64 - 카테고리 조회 결과: []
2026-01-30 18:39:24,618 - INFO - [DEBUG] 채널 64 - 카테고리 없음
2026-01-30 18:39:24,618 - INFO - [SKIP] 채널 64 - 카테고리 없음
2026-01-30 18:39:24,618 - INFO - [SUCCESS] 채널 64 처리 완료: {'status': 'skip', 'reason': 'No data'}
2026-01-30 18:39:24,618 - INFO - 
================================================================================
2026-01-30 18:39:24,618 - INFO - 채널 처리 중 [58/68]: channel_id=65
2026-01-30 18:39:24,620 - INFO - ================================================================================
2026-01-30 18:39:25,101 - INFO - [DEBUG] 채널 65 - 카테고리 조회 결과: []
2026-01-30 18:39:25,101 - INFO - [DEBUG] 채널 65 - 카테고리 없음
2026-01-30 18:39:25,102 - INFO - [SKIP] 채널 65 - 카테고리 없음
2026-01-30 18:39:25,102 - INFO - [SUCCESS] 채널 65 처리 완료: {'status': 'skip', 'reason': 'No data'}
2026-01-30 18:39:25,102 - INFO - 
================================================================================
2026-01-30 18:39:25,102 - INFO - 채널 처리 중 [59/68]: channel_id=19
2026-01-30 18:39:25,102 - INFO - ================================================================================
2026-01-30 18:39:25,483 - INFO - [DEBUG] 채널 19 - 카테고리 조회 결과: []
2026-01-30 18:39:25,483 - INFO - [DEBUG] 채널 19 - 카테고리 없음
2026-01-30 18:39:25,483 - INFO - [SKIP] 채널 19 - 카테고리 없음
2026-01-30 18:39:25,483 - INFO - [SUCCESS] 채널 19 처리 완료: {'status': 'skip', 'reason': 'No data'}
2026-01-30 18:39:25,483 - INFO - 
================================================================================
2026-01-30 18:39:25,483 - INFO - 채널 처리 중 [60/68]: channel_id=21
2026-01-30 18:39:25,483 - INFO - ================================================================================
2026-01-30 18:39:25,932 - INFO - [DEBUG] 채널 21 - 카테고리 조회 결과: []
2026-01-30 18:39:25,932 - INFO - [DEBUG] 채널 21 - 카테고리 없음
2026-01-30 18:39:25,932 - INFO - [SKIP] 채널 21 - 카테고리 없음
2026-01-30 18:39:25,932 - INFO - [SUCCESS] 채널 21 처리 완료: {'status': 'skip', 'reason': 'No data'}
2026-01-30 18:39:25,932 - INFO - 
================================================================================
2026-01-30 18:39:25,932 - INFO - 채널 처리 중 [61/68]: channel_id=27
2026-01-30 18:39:25,932 - INFO - ================================================================================
2026-01-30 18:39:26,330 - INFO - [DEBUG] 채널 27 - 카테고리 조회 결과: []
2026-01-30 18:39:26,343 - INFO - [DEBUG] 채널 27 - 카테고리 없음
2026-01-30 18:39:26,345 - INFO - [SKIP] 채널 27 - 카테고리 없음
2026-01-30 18:39:26,345 - INFO - [SUCCESS] 채널 27 처리 완료: {'status': 'skip', 'reason': 'No data'}
2026-01-30 18:39:26,346 - INFO - 
================================================================================
2026-01-30 18:39:26,346 - INFO - 채널 처리 중 [62/68]: channel_id=30
2026-01-30 18:39:26,346 - INFO - ================================================================================
2026-01-30 18:39:26,744 - INFO - [DEBUG] 채널 30 - 카테고리 조회 결과: []
2026-01-30 18:39:26,744 - INFO - [DEBUG] 채널 30 - 카테고리 없음
2026-01-30 18:39:26,744 - INFO - [SKIP] 채널 30 - 카테고리 없음
2026-01-30 18:39:26,744 - INFO - [SUCCESS] 채널 30 처리 완료: {'status': 'skip', 'reason': 'No data'}
2026-01-30 18:39:26,744 - INFO - 
================================================================================
2026-01-30 18:39:26,749 - INFO - 채널 처리 중 [63/68]: channel_id=31
2026-01-30 18:39:26,749 - INFO - ================================================================================
2026-01-30 18:39:27,158 - INFO - [DEBUG] 채널 31 - 카테고리 조회 결과: []
2026-01-30 18:39:27,158 - INFO - [DEBUG] 채널 31 - 카테고리 없음
2026-01-30 18:39:27,158 - INFO - [SKIP] 채널 31 - 카테고리 없음
2026-01-30 18:39:27,158 - INFO - [SUCCESS] 채널 31 처리 완료: {'status': 'skip', 'reason': 'No data'}
2026-01-30 18:39:27,158 - INFO - 
================================================================================
2026-01-30 18:39:27,158 - INFO - 채널 처리 중 [64/68]: channel_id=25
2026-01-30 18:39:27,158 - INFO - ================================================================================
2026-01-30 18:39:27,560 - INFO - [DEBUG] 채널 25 - 카테고리 조회 결과: []
2026-01-30 18:39:27,560 - INFO - [DEBUG] 채널 25 - 카테고리 없음
2026-01-30 18:39:27,560 - INFO - [SKIP] 채널 25 - 카테고리 없음
2026-01-30 18:39:27,560 - INFO - [SUCCESS] 채널 25 처리 완료: {'status': 'skip', 'reason': 'No data'}
2026-01-30 18:39:27,560 - INFO - 
================================================================================
2026-01-30 18:39:27,560 - INFO - 채널 처리 중 [65/68]: channel_id=32
2026-01-30 18:39:27,560 - INFO - ================================================================================
2026-01-30 18:39:27,986 - INFO - [DEBUG] 채널 32 - 카테고리 조회 결과: []
2026-01-30 18:39:27,987 - INFO - [DEBUG] 채널 32 - 카테고리 없음
2026-01-30 18:39:27,987 - INFO - [SKIP] 채널 32 - 카테고리 없음
2026-01-30 18:39:27,987 - INFO - [SUCCESS] 채널 32 처리 완료: {'status': 'skip', 'reason': 'No data'}
2026-01-30 18:39:27,987 - INFO - 
================================================================================
2026-01-30 18:39:27,987 - INFO - 채널 처리 중 [66/68]: channel_id=29
2026-01-30 18:39:27,987 - INFO - ================================================================================
2026-01-30 18:39:28,368 - INFO - [DEBUG] 채널 29 - 카테고리 조회 결과: []
2026-01-30 18:39:28,370 - INFO - [DEBUG] 채널 29 - 카테고리 없음
2026-01-30 18:39:28,370 - INFO - [SKIP] 채널 29 - 카테고리 없음
2026-01-30 18:39:28,370 - INFO - [SUCCESS] 채널 29 처리 완료: {'status': 'skip', 'reason': 'No data'}
2026-01-30 18:39:28,370 - INFO - 
================================================================================
2026-01-30 18:39:28,370 - INFO - 채널 처리 중 [67/68]: channel_id=33
2026-01-30 18:39:28,370 - INFO - ================================================================================
2026-01-30 18:39:28,755 - INFO - [DEBUG] 채널 33 - 카테고리 조회 결과: []
2026-01-30 18:39:28,764 - INFO - [DEBUG] 채널 33 - 카테고리 없음
2026-01-30 18:39:28,764 - INFO - [SKIP] 채널 33 - 카테고리 없음
2026-01-30 18:39:28,765 - INFO - [SUCCESS] 채널 33 처리 완료: {'status': 'skip', 'reason': 'No data'}
2026-01-30 18:39:28,765 - INFO - 
================================================================================
2026-01-30 18:39:28,766 - INFO - 채널 처리 중 [68/68]: channel_id=34
2026-01-30 18:39:28,766 - INFO - ================================================================================
2026-01-30 18:39:29,182 - INFO - [DEBUG] 채널 34 - 카테고리 조회 결과: [{'category_id': 10, 'category_name': '기타'}]
2026-01-30 18:39:29,572 - INFO - [DEBUG] 채널 34 - 총 게시글 수: 3
2026-01-30 18:39:30,008 - INFO - [DEBUG] 채널 34 - 기타 카테고리 게시글 수: 3
2026-01-30 18:39:30,019 - INFO - [DEBUG] 채널 34 - is_initial: True, post_count: 3, etc_ratio: 100.00%
2026-01-30 18:39:30,019 - INFO - [DEBUG] 채널 34 상태 - is_initial=True, post_count=3, etc_ratio=100.00%
2026-01-30 18:39:30,019 - INFO - [TRACK_B] 진입: 채널 34 (etc_ratio=100.00%)
2026-01-30 18:39:30,440 - INFO - [SUCCESS] 채널 34 처리 완료: {'status': 'skip', 'reason': 'No etc posts'}
2026-01-30 18:39:30,441 - INFO - [COMPLETE] 카테고리 최적화 완료: 2026-01-30 18:39:30.441385
2026-01-30 18:40:26,717 - INFO - [START] 카테고리 최적화 시작: 2026-01-30 18:40:26.717907
2026-01-30 18:40:26,717 - INFO - [FETCH] 채널 목록 조회 중...
2026-01-30 18:40:27,189 - INFO - [SUCCESS] 총 68개 채널 발견
2026-01-30 18:40:27,189 - INFO - 
================================================================================
2026-01-30 18:40:27,189 - INFO - 채널 처리 중 [1/68]: channel_id=16
2026-01-30 18:40:27,189 - INFO - ================================================================================
2026-01-30 18:40:27,598 - INFO - [DEBUG] 채널 16 - 카테고리 조회 결과: []
2026-01-30 18:40:27,598 - INFO - [DEBUG] 채널 16 - 카테고리 없음
2026-01-30 18:40:27,598 - INFO - [SKIP] 채널 16 - 카테고리 없음
2026-01-30 18:40:27,598 - INFO - [SUCCESS] 채널 16 처리 완료: {'status': 'skip', 'reason': 'No data'}
2026-01-30 18:40:27,598 - INFO - 
================================================================================
2026-01-30 18:40:27,598 - INFO - 채널 처리 중 [2/68]: channel_id=48
2026-01-30 18:40:27,598 - INFO - ================================================================================
2026-01-30 18:40:28,017 - INFO - [DEBUG] 채널 48 - 카테고리 조회 결과: []
2026-01-30 18:40:28,017 - INFO - [DEBUG] 채널 48 - 카테고리 없음
2026-01-30 18:40:28,017 - INFO - [SKIP] 채널 48 - 카테고리 없음
2026-01-30 18:40:28,017 - INFO - [SUCCESS] 채널 48 처리 완료: {'status': 'skip', 'reason': 'No data'}
2026-01-30 18:40:28,019 - INFO - 
================================================================================
2026-01-30 18:40:28,019 - INFO - 채널 처리 중 [3/68]: channel_id=17
2026-01-30 18:40:28,019 - INFO - ================================================================================
2026-01-30 18:40:28,404 - INFO - [DEBUG] 채널 17 - 카테고리 조회 결과: []
2026-01-30 18:40:28,407 - INFO - [DEBUG] 채널 17 - 카테고리 없음
2026-01-30 18:40:28,407 - INFO - [SKIP] 채널 17 - 카테고리 없음
2026-01-30 18:40:28,408 - INFO - [SUCCESS] 채널 17 처리 완료: {'status': 'skip', 'reason': 'No data'}
2026-01-30 18:40:28,408 - INFO - 
================================================================================
2026-01-30 18:40:28,408 - INFO - 채널 처리 중 [4/68]: channel_id=49
2026-01-30 18:40:28,408 - INFO - ================================================================================
2026-01-30 18:40:28,847 - INFO - [DEBUG] 채널 49 - 카테고리 조회 결과: []
2026-01-30 18:40:28,847 - INFO - [DEBUG] 채널 49 - 카테고리 없음
2026-01-30 18:40:28,849 - INFO - [SKIP] 채널 49 - 카테고리 없음
2026-01-30 18:40:28,849 - INFO - [SUCCESS] 채널 49 처리 완료: {'status': 'skip', 'reason': 'No data'}
2026-01-30 18:40:28,851 - INFO - 
================================================================================
2026-01-30 18:40:28,851 - INFO - 채널 처리 중 [5/68]: channel_id=50
2026-01-30 18:40:28,851 - INFO - ================================================================================
2026-01-30 18:40:29,411 - INFO - [DEBUG] 채널 50 - 카테고리 조회 결과: []
2026-01-30 18:40:29,419 - INFO - [DEBUG] 채널 50 - 카테고리 없음
2026-01-30 18:40:29,419 - INFO - [SKIP] 채널 50 - 카테고리 없음
2026-01-30 18:40:29,419 - INFO - [SUCCESS] 채널 50 처리 완료: {'status': 'skip', 'reason': 'No data'}
2026-01-30 18:40:29,419 - INFO - 
================================================================================
2026-01-30 18:40:29,419 - INFO - 채널 처리 중 [6/68]: channel_id=18
2026-01-30 18:40:29,419 - INFO - ================================================================================
2026-01-30 18:40:29,978 - INFO - [DEBUG] 채널 18 - 카테고리 조회 결과: []
2026-01-30 18:40:29,978 - INFO - [DEBUG] 채널 18 - 카테고리 없음
2026-01-30 18:40:29,978 - INFO - [SKIP] 채널 18 - 카테고리 없음
2026-01-30 18:40:29,978 - INFO - [SUCCESS] 채널 18 처리 완료: {'status': 'skip', 'reason': 'No data'}
2026-01-30 18:40:29,978 - INFO - 
================================================================================
2026-01-30 18:40:29,980 - INFO - 채널 처리 중 [7/68]: channel_id=20
2026-01-30 18:40:29,980 - INFO - ================================================================================
2026-01-30 18:40:30,423 - INFO - [DEBUG] 채널 20 - 카테고리 조회 결과: []
2026-01-30 18:40:30,424 - INFO - [DEBUG] 채널 20 - 카테고리 없음
2026-01-30 18:40:30,425 - INFO - [SKIP] 채널 20 - 카테고리 없음
2026-01-30 18:40:30,426 - INFO - [SUCCESS] 채널 20 처리 완료: {'status': 'skip', 'reason': 'No data'}
2026-01-30 18:40:30,426 - INFO - 
================================================================================
2026-01-30 18:40:30,426 - INFO - 채널 처리 중 [8/68]: channel_id=24
2026-01-30 18:40:30,426 - INFO - ================================================================================
2026-01-30 18:40:30,895 - INFO - [DEBUG] 채널 24 - 카테고리 조회 결과: []
2026-01-30 18:40:30,896 - INFO - [DEBUG] 채널 24 - 카테고리 없음
2026-01-30 18:40:30,896 - INFO - [SKIP] 채널 24 - 카테고리 없음
2026-01-30 18:40:30,896 - INFO - [SUCCESS] 채널 24 처리 완료: {'status': 'skip', 'reason': 'No data'}
2026-01-30 18:40:30,896 - INFO - 
================================================================================
2026-01-30 18:40:30,896 - INFO - 채널 처리 중 [9/68]: channel_id=15
2026-01-30 18:40:30,896 - INFO - ================================================================================
2026-01-30 18:40:31,493 - INFO - [DEBUG] 채널 15 - 카테고리 조회 결과: []
2026-01-30 18:40:31,497 - INFO - [DEBUG] 채널 15 - 카테고리 없음
2026-01-30 18:40:31,497 - INFO - [SKIP] 채널 15 - 카테고리 없음
2026-01-30 18:40:31,497 - INFO - [SUCCESS] 채널 15 처리 완료: {'status': 'skip', 'reason': 'No data'}
2026-01-30 18:40:31,497 - INFO - 
================================================================================
2026-01-30 18:40:31,497 - INFO - 채널 처리 중 [10/68]: channel_id=51
2026-01-30 18:40:31,497 - INFO - ================================================================================
2026-01-30 18:40:32,508 - INFO - [DEBUG] 채널 51 - 카테고리 조회 결과: []
2026-01-30 18:40:32,508 - INFO - [DEBUG] 채널 51 - 카테고리 없음
2026-01-30 18:40:32,508 - INFO - [SKIP] 채널 51 - 카테고리 없음
2026-01-30 18:40:32,508 - INFO - [SUCCESS] 채널 51 처리 완료: {'status': 'skip', 'reason': 'No data'}
2026-01-30 18:40:32,508 - INFO - 
================================================================================
2026-01-30 18:40:32,508 - INFO - 채널 처리 중 [11/68]: channel_id=52
2026-01-30 18:40:32,508 - INFO - ================================================================================
2026-01-30 18:40:33,056 - INFO - [DEBUG] 채널 52 - 카테고리 조회 결과: []
2026-01-30 18:40:33,058 - INFO - [DEBUG] 채널 52 - 카테고리 없음
2026-01-30 18:40:33,058 - INFO - [SKIP] 채널 52 - 카테고리 없음
2026-01-30 18:40:33,059 - INFO - [SUCCESS] 채널 52 처리 완료: {'status': 'skip', 'reason': 'No data'}
2026-01-30 18:40:33,059 - INFO - 
================================================================================
2026-01-30 18:40:33,059 - INFO - 채널 처리 중 [12/68]: channel_id=53
2026-01-30 18:40:33,059 - INFO - ================================================================================
2026-01-30 18:40:33,477 - INFO - [DEBUG] 채널 53 - 카테고리 조회 결과: []
2026-01-30 18:40:33,477 - INFO - [DEBUG] 채널 53 - 카테고리 없음
2026-01-30 18:40:33,477 - INFO - [SKIP] 채널 53 - 카테고리 없음
2026-01-30 18:40:33,477 - INFO - [SUCCESS] 채널 53 처리 완료: {'status': 'skip', 'reason': 'No data'}
2026-01-30 18:40:33,477 - INFO - 
================================================================================
2026-01-30 18:40:33,480 - INFO - 채널 처리 중 [13/68]: channel_id=54
2026-01-30 18:40:33,480 - INFO - ================================================================================
2026-01-30 18:40:33,920 - INFO - [DEBUG] 채널 54 - 카테고리 조회 결과: []
2026-01-30 18:40:33,920 - INFO - [DEBUG] 채널 54 - 카테고리 없음
2026-01-30 18:40:33,920 - INFO - [SKIP] 채널 54 - 카테고리 없음
2026-01-30 18:40:33,920 - INFO - [SUCCESS] 채널 54 처리 완료: {'status': 'skip', 'reason': 'No data'}
2026-01-30 18:40:33,920 - INFO - 
================================================================================
2026-01-30 18:40:33,920 - INFO - 채널 처리 중 [14/68]: channel_id=67
2026-01-30 18:40:33,920 - INFO - ================================================================================
2026-01-30 18:40:34,344 - INFO - [DEBUG] 채널 67 - 카테고리 조회 결과: []
2026-01-30 18:40:34,344 - INFO - [DEBUG] 채널 67 - 카테고리 없음
2026-01-30 18:40:34,344 - INFO - [SKIP] 채널 67 - 카테고리 없음
2026-01-30 18:40:34,344 - INFO - [SUCCESS] 채널 67 처리 완료: {'status': 'skip', 'reason': 'No data'}
2026-01-30 18:40:34,348 - INFO - 
================================================================================
2026-01-30 18:40:34,348 - INFO - 채널 처리 중 [15/68]: channel_id=2
2026-01-30 18:40:34,349 - INFO - ================================================================================
2026-01-30 18:40:34,768 - INFO - [DEBUG] 채널 2 - 카테고리 조회 결과: [{'category_id': 8, 'category_name': '기타'}]
2026-01-30 18:40:35,324 - INFO - [DEBUG] 채널 2 - 총 게시글 수: 1
2026-01-30 18:40:35,787 - INFO - [DEBUG] 채널 2 - 기타 카테고리 게시글 수: 1
2026-01-30 18:40:35,792 - INFO - [DEBUG] 채널 2 - is_initial: True, post_count: 1, etc_ratio: 100.00%
2026-01-30 18:40:35,792 - INFO - [DEBUG] 채널 2 상태 - is_initial=True, post_count=1, etc_ratio=100.00%
2026-01-30 18:40:35,792 - INFO - [TRACK_B] 진입: 채널 2 (etc_ratio=100.00%)
2026-01-30 18:40:36,392 - INFO - [SUCCESS] 채널 2 처리 완료: {'status': 'skip', 'reason': 'No etc posts'}
2026-01-30 18:40:36,397 - INFO - 
================================================================================
2026-01-30 18:40:36,397 - INFO - 채널 처리 중 [16/68]: channel_id=1
2026-01-30 18:40:36,398 - INFO - ================================================================================
2026-01-30 18:40:36,918 - INFO - [DEBUG] 채널 1 - 카테고리 조회 결과: [{'category_id': 1, 'category_name': '기타'}, {'category_id': 3, 'category_name': '취업특강정보'}, {'category_id': 4, 'category_name': '개발 관련 문제 해결 도움 요청'}, {'category_id': 5, 'category_name': '스터디/모임 모집'}, {'category_id': 6, 'category_name': '식사/음료 함께 하실 분 모집'}, {'category_id': 7, 'category_name': '기타'}]
2026-01-30 18:40:37,463 - INFO - [DEBUG] 채널 1 - 총 게시글 수: 66
2026-01-30 18:40:38,014 - INFO - [DEBUG] 채널 1 - 기타 카테고리 게시글 수: 18
2026-01-30 18:40:38,014 - INFO - [DEBUG] 채널 1 - is_initial: False, post_count: 66, etc_ratio: 27.27%
2026-01-30 18:40:38,016 - INFO - [DEBUG] 채널 1 상태 - is_initial=False, post_count=66, etc_ratio=27.27%
2026-01-30 18:40:38,016 - INFO - [TRACK_B] 진입: 채널 1 (etc_ratio=27.27%)
2026-01-30 18:40:38,549 - INFO - [SUCCESS] 채널 1 처리 완료: {'status': 'skip', 'reason': 'No etc posts'}
2026-01-30 18:40:38,549 - INFO - 
================================================================================
2026-01-30 18:40:38,549 - INFO - 채널 처리 중 [17/68]: channel_id=3
2026-01-30 18:40:38,551 - INFO - ================================================================================
2026-01-30 18:40:39,103 - INFO - [DEBUG] 채널 3 - 카테고리 조회 결과: []
2026-01-30 18:40:39,103 - INFO - [DEBUG] 채널 3 - 카테고리 없음
2026-01-30 18:40:39,103 - INFO - [SKIP] 채널 3 - 카테고리 없음
2026-01-30 18:40:39,103 - INFO - [SUCCESS] 채널 3 처리 완료: {'status': 'skip', 'reason': 'No data'}
2026-01-30 18:40:39,109 - INFO - 
================================================================================
2026-01-30 18:40:39,109 - INFO - 채널 처리 중 [18/68]: channel_id=4
2026-01-30 18:40:39,110 - INFO - ================================================================================
2026-01-30 18:40:39,626 - INFO - [DEBUG] 채널 4 - 카테고리 조회 결과: []
2026-01-30 18:40:39,628 - INFO - [DEBUG] 채널 4 - 카테고리 없음
2026-01-30 18:40:39,628 - INFO - [SKIP] 채널 4 - 카테고리 없음
2026-01-30 18:40:39,628 - INFO - [SUCCESS] 채널 4 처리 완료: {'status': 'skip', 'reason': 'No data'}
2026-01-30 18:40:39,628 - INFO - 
================================================================================
2026-01-30 18:40:39,630 - INFO - 채널 처리 중 [19/68]: channel_id=43
2026-01-30 18:40:39,630 - INFO - ================================================================================
2026-01-30 18:40:40,175 - INFO - [DEBUG] 채널 43 - 카테고리 조회 결과: []
2026-01-30 18:40:40,175 - INFO - [DEBUG] 채널 43 - 카테고리 없음
2026-01-30 18:40:40,175 - INFO - [SKIP] 채널 43 - 카테고리 없음
2026-01-30 18:40:40,175 - INFO - [SUCCESS] 채널 43 처리 완료: {'status': 'skip', 'reason': 'No data'}
2026-01-30 18:40:40,179 - INFO - 
================================================================================
2026-01-30 18:40:40,179 - INFO - 채널 처리 중 [20/68]: channel_id=44
2026-01-30 18:40:40,179 - INFO - ================================================================================
2026-01-30 18:40:40,646 - INFO - [DEBUG] 채널 44 - 카테고리 조회 결과: []
2026-01-30 18:40:40,646 - INFO - [DEBUG] 채널 44 - 카테고리 없음
2026-01-30 18:40:40,646 - INFO - [SKIP] 채널 44 - 카테고리 없음
2026-01-30 18:40:40,646 - INFO - [SUCCESS] 채널 44 처리 완료: {'status': 'skip', 'reason': 'No data'}
2026-01-30 18:40:40,646 - INFO - 
================================================================================
2026-01-30 18:40:40,646 - INFO - 채널 처리 중 [21/68]: channel_id=5
2026-01-30 18:40:40,646 - INFO - ================================================================================
2026-01-30 18:40:41,247 - INFO - [DEBUG] 채널 5 - 카테고리 조회 결과: []
2026-01-30 18:40:41,247 - INFO - [DEBUG] 채널 5 - 카테고리 없음
2026-01-30 18:40:41,247 - INFO - [SKIP] 채널 5 - 카테고리 없음
2026-01-30 18:40:41,247 - INFO - [SUCCESS] 채널 5 처리 완료: {'status': 'skip', 'reason': 'No data'}
2026-01-30 18:40:41,247 - INFO - 
================================================================================
2026-01-30 18:40:41,247 - INFO - 채널 처리 중 [22/68]: channel_id=6
2026-01-30 18:40:41,247 - INFO - ================================================================================
2026-01-30 18:40:41,790 - INFO - [DEBUG] 채널 6 - 카테고리 조회 결과: [{'category_id': 9, 'category_name': '기타'}]
2026-01-30 18:40:42,275 - INFO - [DEBUG] 채널 6 - 총 게시글 수: 2
2026-01-30 18:40:42,749 - INFO - [DEBUG] 채널 6 - 기타 카테고리 게시글 수: 2
2026-01-30 18:40:42,749 - INFO - [DEBUG] 채널 6 - is_initial: True, post_count: 2, etc_ratio: 100.00%
2026-01-30 18:40:42,749 - INFO - [DEBUG] 채널 6 상태 - is_initial=True, post_count=2, etc_ratio=100.00%
2026-01-30 18:40:42,749 - INFO - [TRACK_B] 진입: 채널 6 (etc_ratio=100.00%)
2026-01-30 18:40:43,224 - INFO - [SUCCESS] 채널 6 처리 완료: {'status': 'skip', 'reason': 'No etc posts'}
2026-01-30 18:40:43,224 - INFO - 
================================================================================
2026-01-30 18:40:43,224 - INFO - 채널 처리 중 [23/68]: channel_id=7
2026-01-30 18:40:43,224 - INFO - ================================================================================
2026-01-30 18:40:43,814 - INFO - [DEBUG] 채널 7 - 카테고리 조회 결과: []
2026-01-30 18:40:43,816 - INFO - [DEBUG] 채널 7 - 카테고리 없음
2026-01-30 18:40:43,816 - INFO - [SKIP] 채널 7 - 카테고리 없음
2026-01-30 18:40:43,816 - INFO - [SUCCESS] 채널 7 처리 완료: {'status': 'skip', 'reason': 'No data'}
2026-01-30 18:40:43,816 - INFO - 
================================================================================
2026-01-30 18:40:43,816 - INFO - 채널 처리 중 [24/68]: channel_id=55
2026-01-30 18:40:43,818 - INFO - ================================================================================
2026-01-30 18:40:44,355 - INFO - [DEBUG] 채널 55 - 카테고리 조회 결과: []
2026-01-30 18:40:44,355 - INFO - [DEBUG] 채널 55 - 카테고리 없음
2026-01-30 18:40:44,359 - INFO - [SKIP] 채널 55 - 카테고리 없음
2026-01-30 18:40:44,360 - INFO - [SUCCESS] 채널 55 처리 완료: {'status': 'skip', 'reason': 'No data'}
2026-01-30 18:40:44,361 - INFO - 
================================================================================
2026-01-30 18:40:44,361 - INFO - 채널 처리 중 [25/68]: channel_id=22
2026-01-30 18:40:44,361 - INFO - ================================================================================
2026-01-30 18:40:44,904 - INFO - [DEBUG] 채널 22 - 카테고리 조회 결과: []
2026-01-30 18:40:44,908 - INFO - [DEBUG] 채널 22 - 카테고리 없음
2026-01-30 18:40:44,910 - INFO - [SKIP] 채널 22 - 카테고리 없음
2026-01-30 18:40:44,911 - INFO - [SUCCESS] 채널 22 처리 완료: {'status': 'skip', 'reason': 'No data'}
2026-01-30 18:40:44,911 - INFO - 
================================================================================
2026-01-30 18:40:44,911 - INFO - 채널 처리 중 [26/68]: channel_id=23
2026-01-30 18:40:44,911 - INFO - ================================================================================
2026-01-30 18:40:45,670 - INFO - [DEBUG] 채널 23 - 카테고리 조회 결과: []
2026-01-30 18:40:45,670 - INFO - [DEBUG] 채널 23 - 카테고리 없음
2026-01-30 18:40:45,671 - INFO - [SKIP] 채널 23 - 카테고리 없음
2026-01-30 18:40:45,672 - INFO - [SUCCESS] 채널 23 처리 완료: {'status': 'skip', 'reason': 'No data'}
2026-01-30 18:40:45,673 - INFO - 
================================================================================
2026-01-30 18:40:45,674 - INFO - 채널 처리 중 [27/68]: channel_id=9
2026-01-30 18:40:45,674 - INFO - ================================================================================
2026-01-30 18:40:46,104 - INFO - [DEBUG] 채널 9 - 카테고리 조회 결과: []
2026-01-30 18:40:46,109 - INFO - [DEBUG] 채널 9 - 카테고리 없음
2026-01-30 18:40:46,109 - INFO - [SKIP] 채널 9 - 카테고리 없음
2026-01-30 18:40:46,110 - INFO - [SUCCESS] 채널 9 처리 완료: {'status': 'skip', 'reason': 'No data'}
2026-01-30 18:40:46,110 - INFO - 
================================================================================
2026-01-30 18:40:46,110 - INFO - 채널 처리 중 [28/68]: channel_id=26
2026-01-30 18:40:46,110 - INFO - ================================================================================
2026-01-30 18:40:46,646 - INFO - [DEBUG] 채널 26 - 카테고리 조회 결과: []
2026-01-30 18:40:46,649 - INFO - [DEBUG] 채널 26 - 카테고리 없음
2026-01-30 18:40:46,649 - INFO - [SKIP] 채널 26 - 카테고리 없음
2026-01-30 18:40:46,651 - INFO - [SUCCESS] 채널 26 처리 완료: {'status': 'skip', 'reason': 'No data'}
2026-01-30 18:40:46,651 - INFO - 
================================================================================
2026-01-30 18:40:46,651 - INFO - 채널 처리 중 [29/68]: channel_id=10
2026-01-30 18:40:46,654 - INFO - ================================================================================
2026-01-30 18:40:47,166 - INFO - [DEBUG] 채널 10 - 카테고리 조회 결과: []
2026-01-30 18:40:47,177 - INFO - [DEBUG] 채널 10 - 카테고리 없음
2026-01-30 18:40:47,177 - INFO - [SKIP] 채널 10 - 카테고리 없음
2026-01-30 18:40:47,177 - INFO - [SUCCESS] 채널 10 처리 완료: {'status': 'skip', 'reason': 'No data'}
2026-01-30 18:40:47,178 - INFO - 
================================================================================
2026-01-30 18:40:47,178 - INFO - 채널 처리 중 [30/68]: channel_id=28
2026-01-30 18:40:47,178 - INFO - ================================================================================
2026-01-30 18:40:47,663 - INFO - [DEBUG] 채널 28 - 카테고리 조회 결과: []
2026-01-30 18:40:47,666 - INFO - [DEBUG] 채널 28 - 카테고리 없음
2026-01-30 18:40:47,666 - INFO - [SKIP] 채널 28 - 카테고리 없음
2026-01-30 18:40:47,666 - INFO - [SUCCESS] 채널 28 처리 완료: {'status': 'skip', 'reason': 'No data'}
2026-01-30 18:40:47,666 - INFO - 
================================================================================
2026-01-30 18:40:47,666 - INFO - 채널 처리 중 [31/68]: channel_id=45
2026-01-30 18:40:47,666 - INFO - ================================================================================
2026-01-30 18:40:48,216 - INFO - [DEBUG] 채널 45 - 카테고리 조회 결과: []
2026-01-30 18:40:48,216 - INFO - [DEBUG] 채널 45 - 카테고리 없음
2026-01-30 18:40:48,216 - INFO - [SKIP] 채널 45 - 카테고리 없음
2026-01-30 18:40:48,218 - INFO - [SUCCESS] 채널 45 처리 완료: {'status': 'skip', 'reason': 'No data'}
2026-01-30 18:40:48,218 - INFO - 
================================================================================
2026-01-30 18:40:48,219 - INFO - 채널 처리 중 [32/68]: channel_id=11
2026-01-30 18:40:48,219 - INFO - ================================================================================
2026-01-30 18:40:48,636 - INFO - [DEBUG] 채널 11 - 카테고리 조회 결과: []
2026-01-30 18:40:48,637 - INFO - [DEBUG] 채널 11 - 카테고리 없음
2026-01-30 18:40:48,637 - INFO - [SKIP] 채널 11 - 카테고리 없음
2026-01-30 18:40:48,639 - INFO - [SUCCESS] 채널 11 처리 완료: {'status': 'skip', 'reason': 'No data'}
2026-01-30 18:40:48,639 - INFO - 
================================================================================
2026-01-30 18:40:48,639 - INFO - 채널 처리 중 [33/68]: channel_id=56
2026-01-30 18:40:48,639 - INFO - ================================================================================
2026-01-30 18:40:49,074 - INFO - [DEBUG] 채널 56 - 카테고리 조회 결과: []
2026-01-30 18:40:49,074 - INFO - [DEBUG] 채널 56 - 카테고리 없음
2026-01-30 18:40:49,074 - INFO - [SKIP] 채널 56 - 카테고리 없음
2026-01-30 18:40:49,074 - INFO - [SUCCESS] 채널 56 처리 완료: {'status': 'skip', 'reason': 'No data'}
2026-01-30 18:40:49,074 - INFO - 
================================================================================
2026-01-30 18:40:49,074 - INFO - 채널 처리 중 [34/68]: channel_id=12
2026-01-30 18:40:49,074 - INFO - ================================================================================
2026-01-30 18:40:49,651 - INFO - [DEBUG] 채널 12 - 카테고리 조회 결과: []
2026-01-30 18:40:49,651 - INFO - [DEBUG] 채널 12 - 카테고리 없음
2026-01-30 18:40:49,653 - INFO - [SKIP] 채널 12 - 카테고리 없음
2026-01-30 18:40:49,654 - INFO - [SUCCESS] 채널 12 처리 완료: {'status': 'skip', 'reason': 'No data'}
2026-01-30 18:40:49,654 - INFO - 
================================================================================
2026-01-30 18:40:49,654 - INFO - 채널 처리 중 [35/68]: channel_id=46
2026-01-30 18:40:49,656 - INFO - ================================================================================
2026-01-30 18:40:50,116 - INFO - [DEBUG] 채널 46 - 카테고리 조회 결과: []
2026-01-30 18:40:50,118 - INFO - [DEBUG] 채널 46 - 카테고리 없음
2026-01-30 18:40:50,118 - INFO - [SKIP] 채널 46 - 카테고리 없음
2026-01-30 18:40:50,119 - INFO - [SUCCESS] 채널 46 처리 완료: {'status': 'skip', 'reason': 'No data'}
2026-01-30 18:40:50,119 - INFO - 
================================================================================
2026-01-30 18:40:50,120 - INFO - 채널 처리 중 [36/68]: channel_id=8
2026-01-30 18:40:50,120 - INFO - ================================================================================
2026-01-30 18:40:50,771 - INFO - [DEBUG] 채널 8 - 카테고리 조회 결과: []
2026-01-30 18:40:50,771 - INFO - [DEBUG] 채널 8 - 카테고리 없음
2026-01-30 18:40:50,771 - INFO - [SKIP] 채널 8 - 카테고리 없음
2026-01-30 18:40:50,771 - INFO - [SUCCESS] 채널 8 처리 완료: {'status': 'skip', 'reason': 'No data'}
2026-01-30 18:40:50,771 - INFO - 
================================================================================
2026-01-30 18:40:50,771 - INFO - 채널 처리 중 [37/68]: channel_id=47
2026-01-30 18:40:50,771 - INFO - ================================================================================
2026-01-30 18:40:51,172 - INFO - [DEBUG] 채널 47 - 카테고리 조회 결과: []
2026-01-30 18:40:51,172 - INFO - [DEBUG] 채널 47 - 카테고리 없음
2026-01-30 18:40:51,172 - INFO - [SKIP] 채널 47 - 카테고리 없음
2026-01-30 18:40:51,172 - INFO - [SUCCESS] 채널 47 처리 완료: {'status': 'skip', 'reason': 'No data'}
2026-01-30 18:40:51,172 - INFO - 
================================================================================
2026-01-30 18:40:51,177 - INFO - 채널 처리 중 [38/68]: channel_id=68
2026-01-30 18:40:51,177 - INFO - ================================================================================
2026-01-30 18:40:51,615 - INFO - [DEBUG] 채널 68 - 카테고리 조회 결과: []
2026-01-30 18:40:51,615 - INFO - [DEBUG] 채널 68 - 카테고리 없음
2026-01-30 18:40:51,615 - INFO - [SKIP] 채널 68 - 카테고리 없음
2026-01-30 18:40:51,615 - INFO - [SUCCESS] 채널 68 처리 완료: {'status': 'skip', 'reason': 'No data'}
2026-01-30 18:40:51,615 - INFO - 
================================================================================
2026-01-30 18:40:51,615 - INFO - 채널 처리 중 [39/68]: channel_id=13
2026-01-30 18:40:51,615 - INFO - ================================================================================
2026-01-30 18:40:52,066 - INFO - [DEBUG] 채널 13 - 카테고리 조회 결과: []
2026-01-30 18:40:52,066 - INFO - [DEBUG] 채널 13 - 카테고리 없음
2026-01-30 18:40:52,066 - INFO - [SKIP] 채널 13 - 카테고리 없음
2026-01-30 18:40:52,066 - INFO - [SUCCESS] 채널 13 처리 완료: {'status': 'skip', 'reason': 'No data'}
2026-01-30 18:40:52,066 - INFO - 
================================================================================
2026-01-30 18:40:52,066 - INFO - 채널 처리 중 [40/68]: channel_id=14
2026-01-30 18:40:52,066 - INFO - ================================================================================
2026-01-30 18:40:52,466 - INFO - [DEBUG] 채널 14 - 카테고리 조회 결과: []
2026-01-30 18:40:52,466 - INFO - [DEBUG] 채널 14 - 카테고리 없음
2026-01-30 18:40:52,466 - INFO - [SKIP] 채널 14 - 카테고리 없음
2026-01-30 18:40:52,468 - INFO - [SUCCESS] 채널 14 처리 완료: {'status': 'skip', 'reason': 'No data'}
2026-01-30 18:40:52,468 - INFO - 
================================================================================
2026-01-30 18:40:52,469 - INFO - 채널 처리 중 [41/68]: channel_id=40
2026-01-30 18:40:52,469 - INFO - ================================================================================
2026-01-30 18:40:52,910 - INFO - [DEBUG] 채널 40 - 카테고리 조회 결과: []
2026-01-30 18:40:52,911 - INFO - [DEBUG] 채널 40 - 카테고리 없음
2026-01-30 18:40:52,911 - INFO - [SKIP] 채널 40 - 카테고리 없음
2026-01-30 18:40:52,911 - INFO - [SUCCESS] 채널 40 처리 완료: {'status': 'skip', 'reason': 'No data'}
2026-01-30 18:40:52,911 - INFO - 
================================================================================
2026-01-30 18:40:52,911 - INFO - 채널 처리 중 [42/68]: channel_id=66
2026-01-30 18:40:52,911 - INFO - ================================================================================
2026-01-30 18:40:53,410 - INFO - [DEBUG] 채널 66 - 카테고리 조회 결과: []
2026-01-30 18:40:53,415 - INFO - [DEBUG] 채널 66 - 카테고리 없음
2026-01-30 18:40:53,415 - INFO - [SKIP] 채널 66 - 카테고리 없음
2026-01-30 18:40:53,415 - INFO - [SUCCESS] 채널 66 처리 완료: {'status': 'skip', 'reason': 'No data'}
2026-01-30 18:40:53,415 - INFO - 
================================================================================
2026-01-30 18:40:53,415 - INFO - 채널 처리 중 [43/68]: channel_id=35
2026-01-30 18:40:53,415 - INFO - ================================================================================
2026-01-30 18:40:53,879 - INFO - [DEBUG] 채널 35 - 카테고리 조회 결과: [{'category_id': 11, 'category_name': '기타'}]
2026-01-30 18:40:54,267 - INFO - [DEBUG] 채널 35 - 총 게시글 수: 4
2026-01-30 18:40:54,718 - INFO - [DEBUG] 채널 35 - 기타 카테고리 게시글 수: 4
2026-01-30 18:40:54,718 - INFO - [DEBUG] 채널 35 - is_initial: True, post_count: 4, etc_ratio: 100.00%
2026-01-30 18:40:54,718 - INFO - [DEBUG] 채널 35 상태 - is_initial=True, post_count=4, etc_ratio=100.00%
2026-01-30 18:40:54,729 - INFO - [TRACK_B] 진입: 채널 35 (etc_ratio=100.00%)
2026-01-30 18:40:55,138 - INFO - [SUCCESS] 채널 35 처리 완료: {'status': 'skip', 'reason': 'No etc posts'}
2026-01-30 18:40:55,138 - INFO - 
================================================================================
2026-01-30 18:40:55,138 - INFO - 채널 처리 중 [44/68]: channel_id=36
2026-01-30 18:40:55,138 - INFO - ================================================================================
2026-01-30 18:40:55,580 - INFO - [DEBUG] 채널 36 - 카테고리 조회 결과: []
2026-01-30 18:40:55,581 - INFO - [DEBUG] 채널 36 - 카테고리 없음
2026-01-30 18:40:55,582 - INFO - [SKIP] 채널 36 - 카테고리 없음
2026-01-30 18:40:55,582 - INFO - [SUCCESS] 채널 36 처리 완료: {'status': 'skip', 'reason': 'No data'}
2026-01-30 18:40:55,582 - INFO - 
================================================================================
2026-01-30 18:40:55,582 - INFO - 채널 처리 중 [45/68]: channel_id=37
2026-01-30 18:40:55,582 - INFO - ================================================================================
2026-01-30 18:40:55,975 - INFO - [DEBUG] 채널 37 - 카테고리 조회 결과: []
2026-01-30 18:40:55,975 - INFO - [DEBUG] 채널 37 - 카테고리 없음
2026-01-30 18:40:55,975 - INFO - [SKIP] 채널 37 - 카테고리 없음
2026-01-30 18:40:55,975 - INFO - [SUCCESS] 채널 37 처리 완료: {'status': 'skip', 'reason': 'No data'}
2026-01-30 18:40:55,975 - INFO - 
================================================================================
2026-01-30 18:40:55,975 - INFO - 채널 처리 중 [46/68]: channel_id=38
2026-01-30 18:40:55,975 - INFO - ================================================================================
2026-01-30 18:40:56,415 - INFO - [DEBUG] 채널 38 - 카테고리 조회 결과: [{'category_id': 13, 'category_name': '기타'}]
2026-01-30 18:40:56,867 - INFO - [DEBUG] 채널 38 - 총 게시글 수: 1
2026-01-30 18:40:57,254 - INFO - [DEBUG] 채널 38 - 기타 카테고리 게시글 수: 1
2026-01-30 18:40:57,254 - INFO - [DEBUG] 채널 38 - is_initial: True, post_count: 1, etc_ratio: 100.00%
2026-01-30 18:40:57,254 - INFO - [DEBUG] 채널 38 상태 - is_initial=True, post_count=1, etc_ratio=100.00%
2026-01-30 18:40:57,254 - INFO - [TRACK_B] 진입: 채널 38 (etc_ratio=100.00%)
2026-01-30 18:40:57,652 - INFO - [SUCCESS] 채널 38 처리 완료: {'status': 'skip', 'reason': 'No etc posts'}
2026-01-30 18:40:57,652 - INFO - 
================================================================================
2026-01-30 18:40:57,652 - INFO - 채널 처리 중 [47/68]: channel_id=57
2026-01-30 18:40:57,652 - INFO - ================================================================================
2026-01-30 18:40:58,083 - INFO - [DEBUG] 채널 57 - 카테고리 조회 결과: []
2026-01-30 18:40:58,083 - INFO - [DEBUG] 채널 57 - 카테고리 없음
2026-01-30 18:40:58,083 - INFO - [SKIP] 채널 57 - 카테고리 없음
2026-01-30 18:40:58,083 - INFO - [SUCCESS] 채널 57 처리 완료: {'status': 'skip', 'reason': 'No data'}
2026-01-30 18:40:58,085 - INFO - 
================================================================================
2026-01-30 18:40:58,085 - INFO - 채널 처리 중 [48/68]: channel_id=39
2026-01-30 18:40:58,085 - INFO - ================================================================================
2026-01-30 18:40:58,526 - INFO - [DEBUG] 채널 39 - 카테고리 조회 결과: []
2026-01-30 18:40:58,526 - INFO - [DEBUG] 채널 39 - 카테고리 없음
2026-01-30 18:40:58,526 - INFO - [SKIP] 채널 39 - 카테고리 없음
2026-01-30 18:40:58,526 - INFO - [SUCCESS] 채널 39 처리 완료: {'status': 'skip', 'reason': 'No data'}
2026-01-30 18:40:58,526 - INFO - 
================================================================================
2026-01-30 18:40:58,526 - INFO - 채널 처리 중 [49/68]: channel_id=41
2026-01-30 18:40:58,526 - INFO - ================================================================================
2026-01-30 18:40:58,928 - INFO - [DEBUG] 채널 41 - 카테고리 조회 결과: []
2026-01-30 18:40:58,937 - INFO - [DEBUG] 채널 41 - 카테고리 없음
2026-01-30 18:40:58,938 - INFO - [SKIP] 채널 41 - 카테고리 없음
2026-01-30 18:40:58,939 - INFO - [SUCCESS] 채널 41 처리 완료: {'status': 'skip', 'reason': 'No data'}
2026-01-30 18:40:58,939 - INFO - 
================================================================================
2026-01-30 18:40:58,940 - INFO - 채널 처리 중 [50/68]: channel_id=42
2026-01-30 18:40:58,941 - INFO - ================================================================================
2026-01-30 18:40:59,373 - INFO - [DEBUG] 채널 42 - 카테고리 조회 결과: []
2026-01-30 18:40:59,389 - INFO - [DEBUG] 채널 42 - 카테고리 없음
2026-01-30 18:40:59,391 - INFO - [SKIP] 채널 42 - 카테고리 없음
2026-01-30 18:40:59,391 - INFO - [SUCCESS] 채널 42 처리 완료: {'status': 'skip', 'reason': 'No data'}
2026-01-30 18:40:59,391 - INFO - 
================================================================================
2026-01-30 18:40:59,393 - INFO - 채널 처리 중 [51/68]: channel_id=58
2026-01-30 18:40:59,393 - INFO - ================================================================================
2026-01-30 18:40:59,847 - INFO - [DEBUG] 채널 58 - 카테고리 조회 결과: []
2026-01-30 18:40:59,848 - INFO - [DEBUG] 채널 58 - 카테고리 없음
2026-01-30 18:40:59,848 - INFO - [SKIP] 채널 58 - 카테고리 없음
2026-01-30 18:40:59,848 - INFO - [SUCCESS] 채널 58 처리 완료: {'status': 'skip', 'reason': 'No data'}
2026-01-30 18:40:59,849 - INFO - 
================================================================================
2026-01-30 18:40:59,849 - INFO - 채널 처리 중 [52/68]: channel_id=59
2026-01-30 18:40:59,850 - INFO - ================================================================================
2026-01-30 18:41:00,276 - INFO - [DEBUG] 채널 59 - 카테고리 조회 결과: [{'category_id': 12, 'category_name': '기타'}]
2026-01-30 18:41:00,706 - INFO - [DEBUG] 채널 59 - 총 게시글 수: 52
2026-01-30 18:41:01,213 - INFO - [DEBUG] 채널 59 - 기타 카테고리 게시글 수: 52
2026-01-30 18:41:01,213 - INFO - [DEBUG] 채널 59 - is_initial: True, post_count: 52, etc_ratio: 100.00%
2026-01-30 18:41:01,213 - INFO - [DEBUG] 채널 59 상태 - is_initial=True, post_count=52, etc_ratio=100.00%
2026-01-30 18:41:01,213 - INFO - [TRACK_A] 진입: 채널 59 (is_initial=True, post_count=52)
2026-01-30 18:41:06,416 - WARNING - [WARNING] 카테고리 '채용 공고' 임베딩 생성 실패, NULL로 저장
2026-01-30 18:41:07,212 - WARNING - [WARNING] 카테고리 '취업 특강 및 멘토링' 임베딩 생성 실패, NULL로 저장
2026-01-30 18:41:08,017 - WARNING - [WARNING] 카테고리 '취업 준비 자료' 임베딩 생성 실패, NULL로 저장
2026-01-30 18:41:09,906 - WARNING - [WARNING] 카테고리 '채용 공고' (ID: 20) 임베딩 벡터 없음
2026-01-30 18:41:10,318 - WARNING - [WARNING] 카테고리 '취업 특강 및 멘토링' (ID: 21) 임베딩 벡터 없음
2026-01-30 18:41:10,747 - WARNING - [WARNING] 카테고리 '취업 준비 자료' (ID: 22) 임베딩 벡터 없음
2026-01-30 18:41:10,779 - ERROR - [ERROR] 채널 59 - 사용 가능한 카테고리 임베딩 벡터 없음, 분류 중단
2026-01-30 18:41:10,780 - INFO - [SUCCESS] Track A 완료: 채널 59, 카테고리 3개 생성
2026-01-30 18:41:10,780 - INFO - [SUCCESS] 채널 59 처리 완료: {'status': 'success', 'track': 'A', 'new_categories': 3, 'classified_posts': 52}
2026-01-30 18:41:10,780 - INFO - 
================================================================================
2026-01-30 18:41:10,782 - INFO - 채널 처리 중 [53/68]: channel_id=60
2026-01-30 18:41:10,782 - INFO - ================================================================================
2026-01-30 18:41:11,184 - INFO - [DEBUG] 채널 60 - 카테고리 조회 결과: []
2026-01-30 18:41:11,184 - INFO - [DEBUG] 채널 60 - 카테고리 없음
2026-01-30 18:41:11,184 - INFO - [SKIP] 채널 60 - 카테고리 없음
2026-01-30 18:41:11,184 - INFO - [SUCCESS] 채널 60 처리 완료: {'status': 'skip', 'reason': 'No data'}
2026-01-30 18:41:11,184 - INFO - 
================================================================================
2026-01-30 18:41:11,184 - INFO - 채널 처리 중 [54/68]: channel_id=61
2026-01-30 18:41:11,184 - INFO - ================================================================================
2026-01-30 18:41:11,578 - INFO - [DEBUG] 채널 61 - 카테고리 조회 결과: []
2026-01-30 18:41:11,579 - INFO - [DEBUG] 채널 61 - 카테고리 없음
2026-01-30 18:41:11,579 - INFO - [SKIP] 채널 61 - 카테고리 없음
2026-01-30 18:41:11,579 - INFO - [SUCCESS] 채널 61 처리 완료: {'status': 'skip', 'reason': 'No data'}
2026-01-30 18:41:11,579 - INFO - 
================================================================================
2026-01-30 18:41:11,579 - INFO - 채널 처리 중 [55/68]: channel_id=62
2026-01-30 18:41:11,579 - INFO - ================================================================================
2026-01-30 18:41:11,938 - INFO - [DEBUG] 채널 62 - 카테고리 조회 결과: []
2026-01-30 18:41:11,940 - INFO - [DEBUG] 채널 62 - 카테고리 없음
2026-01-30 18:41:11,940 - INFO - [SKIP] 채널 62 - 카테고리 없음
2026-01-30 18:41:11,940 - INFO - [SUCCESS] 채널 62 처리 완료: {'status': 'skip', 'reason': 'No data'}
2026-01-30 18:41:11,941 - INFO - 
================================================================================
2026-01-30 18:41:11,941 - INFO - 채널 처리 중 [56/68]: channel_id=63
2026-01-30 18:41:11,941 - INFO - ================================================================================
2026-01-30 18:41:12,334 - INFO - [DEBUG] 채널 63 - 카테고리 조회 결과: []
2026-01-30 18:41:12,334 - INFO - [DEBUG] 채널 63 - 카테고리 없음
2026-01-30 18:41:12,334 - INFO - [SKIP] 채널 63 - 카테고리 없음
2026-01-30 18:41:12,336 - INFO - [SUCCESS] 채널 63 처리 완료: {'status': 'skip', 'reason': 'No data'}
2026-01-30 18:41:12,337 - INFO - 
================================================================================
2026-01-30 18:41:12,337 - INFO - 채널 처리 중 [57/68]: channel_id=64
2026-01-30 18:41:12,337 - INFO - ================================================================================
2026-01-30 18:41:12,726 - INFO - [DEBUG] 채널 64 - 카테고리 조회 결과: []
2026-01-30 18:41:12,729 - INFO - [DEBUG] 채널 64 - 카테고리 없음
2026-01-30 18:41:12,731 - INFO - [SKIP] 채널 64 - 카테고리 없음
2026-01-30 18:41:12,733 - INFO - [SUCCESS] 채널 64 처리 완료: {'status': 'skip', 'reason': 'No data'}
2026-01-30 18:41:12,734 - INFO - 
================================================================================
2026-01-30 18:41:12,734 - INFO - 채널 처리 중 [58/68]: channel_id=65
2026-01-30 18:41:12,734 - INFO - ================================================================================
2026-01-30 18:41:13,138 - INFO - [DEBUG] 채널 65 - 카테고리 조회 결과: []
2026-01-30 18:41:13,138 - INFO - [DEBUG] 채널 65 - 카테고리 없음
2026-01-30 18:41:13,138 - INFO - [SKIP] 채널 65 - 카테고리 없음
2026-01-30 18:41:13,138 - INFO - [SUCCESS] 채널 65 처리 완료: {'status': 'skip', 'reason': 'No data'}
2026-01-30 18:41:13,138 - INFO - 
================================================================================
2026-01-30 18:41:13,138 - INFO - 채널 처리 중 [59/68]: channel_id=19
2026-01-30 18:41:13,138 - INFO - ================================================================================
2026-01-30 18:41:13,549 - INFO - [DEBUG] 채널 19 - 카테고리 조회 결과: []
2026-01-30 18:41:13,549 - INFO - [DEBUG] 채널 19 - 카테고리 없음
2026-01-30 18:41:13,551 - INFO - [SKIP] 채널 19 - 카테고리 없음
2026-01-30 18:41:13,552 - INFO - [SUCCESS] 채널 19 처리 완료: {'status': 'skip', 'reason': 'No data'}
2026-01-30 18:41:13,552 - INFO - 
================================================================================
2026-01-30 18:41:13,552 - INFO - 채널 처리 중 [60/68]: channel_id=21
2026-01-30 18:41:13,552 - INFO - ================================================================================
2026-01-30 18:41:13,950 - INFO - [DEBUG] 채널 21 - 카테고리 조회 결과: []
2026-01-30 18:41:13,950 - INFO - [DEBUG] 채널 21 - 카테고리 없음
2026-01-30 18:41:13,950 - INFO - [SKIP] 채널 21 - 카테고리 없음
2026-01-30 18:41:13,950 - INFO - [SUCCESS] 채널 21 처리 완료: {'status': 'skip', 'reason': 'No data'}
2026-01-30 18:41:13,953 - INFO - 
================================================================================
2026-01-30 18:41:13,953 - INFO - 채널 처리 중 [61/68]: channel_id=27
2026-01-30 18:41:13,953 - INFO - ================================================================================
2026-01-30 18:41:14,357 - INFO - [DEBUG] 채널 27 - 카테고리 조회 결과: []
2026-01-30 18:41:14,358 - INFO - [DEBUG] 채널 27 - 카테고리 없음
2026-01-30 18:41:14,358 - INFO - [SKIP] 채널 27 - 카테고리 없음
2026-01-30 18:41:14,358 - INFO - [SUCCESS] 채널 27 처리 완료: {'status': 'skip', 'reason': 'No data'}
2026-01-30 18:41:14,358 - INFO - 
================================================================================
2026-01-30 18:41:14,360 - INFO - 채널 처리 중 [62/68]: channel_id=30
2026-01-30 18:41:14,361 - INFO - ================================================================================
2026-01-30 18:41:14,779 - INFO - [DEBUG] 채널 30 - 카테고리 조회 결과: []
2026-01-30 18:41:14,781 - INFO - [DEBUG] 채널 30 - 카테고리 없음
2026-01-30 18:41:14,782 - INFO - [SKIP] 채널 30 - 카테고리 없음
2026-01-30 18:41:14,782 - INFO - [SUCCESS] 채널 30 처리 완료: {'status': 'skip', 'reason': 'No data'}
2026-01-30 18:41:14,784 - INFO - 
================================================================================
2026-01-30 18:41:14,785 - INFO - 채널 처리 중 [63/68]: channel_id=31
2026-01-30 18:41:14,785 - INFO - ================================================================================
2026-01-30 18:41:15,193 - INFO - [DEBUG] 채널 31 - 카테고리 조회 결과: []
2026-01-30 18:41:15,195 - INFO - [DEBUG] 채널 31 - 카테고리 없음
2026-01-30 18:41:15,196 - INFO - [SKIP] 채널 31 - 카테고리 없음
2026-01-30 18:41:15,196 - INFO - [SUCCESS] 채널 31 처리 완료: {'status': 'skip', 'reason': 'No data'}
2026-01-30 18:41:15,197 - INFO - 
================================================================================
2026-01-30 18:41:15,197 - INFO - 채널 처리 중 [64/68]: channel_id=25
2026-01-30 18:41:15,197 - INFO - ================================================================================
2026-01-30 18:41:15,590 - INFO - [DEBUG] 채널 25 - 카테고리 조회 결과: []
2026-01-30 18:41:15,590 - INFO - [DEBUG] 채널 25 - 카테고리 없음
2026-01-30 18:41:15,594 - INFO - [SKIP] 채널 25 - 카테고리 없음
2026-01-30 18:41:15,594 - INFO - [SUCCESS] 채널 25 처리 완료: {'status': 'skip', 'reason': 'No data'}
2026-01-30 18:41:15,594 - INFO - 
================================================================================
2026-01-30 18:41:15,595 - INFO - 채널 처리 중 [65/68]: channel_id=32
2026-01-30 18:41:15,596 - INFO - ================================================================================
2026-01-30 18:41:16,176 - INFO - [DEBUG] 채널 32 - 카테고리 조회 결과: []
2026-01-30 18:41:16,181 - INFO - [DEBUG] 채널 32 - 카테고리 없음
2026-01-30 18:41:16,182 - INFO - [SKIP] 채널 32 - 카테고리 없음
2026-01-30 18:41:16,182 - INFO - [SUCCESS] 채널 32 처리 완료: {'status': 'skip', 'reason': 'No data'}
2026-01-30 18:41:16,182 - INFO - 
================================================================================
2026-01-30 18:41:16,182 - INFO - 채널 처리 중 [66/68]: channel_id=29
2026-01-30 18:41:16,182 - INFO - ================================================================================
2026-01-30 18:41:16,587 - INFO - [DEBUG] 채널 29 - 카테고리 조회 결과: []
2026-01-30 18:41:16,588 - INFO - [DEBUG] 채널 29 - 카테고리 없음
2026-01-30 18:41:16,588 - INFO - [SKIP] 채널 29 - 카테고리 없음
2026-01-30 18:41:16,589 - INFO - [SUCCESS] 채널 29 처리 완료: {'status': 'skip', 'reason': 'No data'}
2026-01-30 18:41:16,589 - INFO - 
================================================================================
2026-01-30 18:41:16,589 - INFO - 채널 처리 중 [67/68]: channel_id=33
2026-01-30 18:41:16,589 - INFO - ================================================================================
2026-01-30 18:41:16,984 - INFO - [DEBUG] 채널 33 - 카테고리 조회 결과: []
2026-01-30 18:41:16,984 - INFO - [DEBUG] 채널 33 - 카테고리 없음
2026-01-30 18:41:16,984 - INFO - [SKIP] 채널 33 - 카테고리 없음
2026-01-30 18:41:16,984 - INFO - [SUCCESS] 채널 33 처리 완료: {'status': 'skip', 'reason': 'No data'}
2026-01-30 18:41:16,984 - INFO - 
================================================================================
2026-01-30 18:41:16,984 - INFO - 채널 처리 중 [68/68]: channel_id=34
2026-01-30 18:41:16,984 - INFO - ================================================================================
2026-01-30 18:41:17,444 - INFO - [DEBUG] 채널 34 - 카테고리 조회 결과: [{'category_id': 10, 'category_name': '기타'}]
2026-01-30 18:41:17,844 - INFO - [DEBUG] 채널 34 - 총 게시글 수: 3
2026-01-30 18:41:18,222 - INFO - [DEBUG] 채널 34 - 기타 카테고리 게시글 수: 3
2026-01-30 18:41:18,222 - INFO - [DEBUG] 채널 34 - is_initial: True, post_count: 3, etc_ratio: 100.00%
2026-01-30 18:41:18,227 - INFO - [DEBUG] 채널 34 상태 - is_initial=True, post_count=3, etc_ratio=100.00%
2026-01-30 18:41:18,229 - INFO - [TRACK_B] 진입: 채널 34 (etc_ratio=100.00%)
2026-01-30 18:41:18,670 - INFO - [SUCCESS] 채널 34 처리 완료: {'status': 'skip', 'reason': 'No etc posts'}
2026-01-30 18:41:18,681 - INFO - [COMPLETE] 카테고리 최적화 완료: 2026-01-30 18:41:18.670962
2026-01-30 18:43:18,300 - INFO - [START] 카테고리 최적화 시작: 2026-01-30 18:43:18.300113
2026-01-30 18:43:18,300 - INFO - [FETCH] 채널 목록 조회 중...
2026-01-30 18:43:18,744 - INFO - [SUCCESS] 총 68개 채널 발견
2026-01-30 18:43:18,744 - INFO - 
================================================================================
2026-01-30 18:43:18,744 - INFO - 채널 처리 중 [1/68]: channel_id=48
2026-01-30 18:43:18,745 - INFO - ================================================================================
2026-01-30 18:43:19,148 - INFO - [DEBUG] 채널 48 - 카테고리 조회 결과: []
2026-01-30 18:43:19,150 - INFO - [DEBUG] 채널 48 - 카테고리 없음
2026-01-30 18:43:19,150 - INFO - [SKIP] 채널 48 - 카테고리 없음
2026-01-30 18:43:19,150 - INFO - [SUCCESS] 채널 48 처리 완료: {'status': 'skip', 'reason': 'No data'}
2026-01-30 18:43:19,150 - INFO - 
================================================================================
2026-01-30 18:43:19,152 - INFO - 채널 처리 중 [2/68]: channel_id=49
2026-01-30 18:43:19,152 - INFO - ================================================================================
2026-01-30 18:43:19,541 - INFO - [DEBUG] 채널 49 - 카테고리 조회 결과: []
2026-01-30 18:43:19,541 - INFO - [DEBUG] 채널 49 - 카테고리 없음
2026-01-30 18:43:19,541 - INFO - [SKIP] 채널 49 - 카테고리 없음
2026-01-30 18:43:19,541 - INFO - [SUCCESS] 채널 49 처리 완료: {'status': 'skip', 'reason': 'No data'}
2026-01-30 18:43:19,541 - INFO - 
================================================================================
2026-01-30 18:43:19,541 - INFO - 채널 처리 중 [3/68]: channel_id=50
2026-01-30 18:43:19,541 - INFO - ================================================================================
2026-01-30 18:43:19,973 - INFO - [DEBUG] 채널 50 - 카테고리 조회 결과: []
2026-01-30 18:43:19,975 - INFO - [DEBUG] 채널 50 - 카테고리 없음
2026-01-30 18:43:19,975 - INFO - [SKIP] 채널 50 - 카테고리 없음
2026-01-30 18:43:19,975 - INFO - [SUCCESS] 채널 50 처리 완료: {'status': 'skip', 'reason': 'No data'}
2026-01-30 18:43:19,975 - INFO - 
================================================================================
2026-01-30 18:43:19,977 - INFO - 채널 처리 중 [4/68]: channel_id=16
2026-01-30 18:43:19,977 - INFO - ================================================================================
2026-01-30 18:43:20,380 - INFO - [DEBUG] 채널 16 - 카테고리 조회 결과: []
2026-01-30 18:43:20,380 - INFO - [DEBUG] 채널 16 - 카테고리 없음
2026-01-30 18:43:20,380 - INFO - [SKIP] 채널 16 - 카테고리 없음
2026-01-30 18:43:20,380 - INFO - [SUCCESS] 채널 16 처리 완료: {'status': 'skip', 'reason': 'No data'}
2026-01-30 18:43:20,380 - INFO - 
================================================================================
2026-01-30 18:43:20,380 - INFO - 채널 처리 중 [5/68]: channel_id=17
2026-01-30 18:43:20,380 - INFO - ================================================================================
2026-01-30 18:43:20,794 - INFO - [DEBUG] 채널 17 - 카테고리 조회 결과: []
2026-01-30 18:43:20,794 - INFO - [DEBUG] 채널 17 - 카테고리 없음
2026-01-30 18:43:20,794 - INFO - [SKIP] 채널 17 - 카테고리 없음
2026-01-30 18:43:20,794 - INFO - [SUCCESS] 채널 17 처리 완료: {'status': 'skip', 'reason': 'No data'}
2026-01-30 18:43:20,794 - INFO - 
================================================================================
2026-01-30 18:43:20,794 - INFO - 채널 처리 중 [6/68]: channel_id=18
2026-01-30 18:43:20,794 - INFO - ================================================================================
2026-01-30 18:43:21,173 - INFO - [DEBUG] 채널 18 - 카테고리 조회 결과: []
2026-01-30 18:43:21,176 - INFO - [DEBUG] 채널 18 - 카테고리 없음
2026-01-30 18:43:21,176 - INFO - [SKIP] 채널 18 - 카테고리 없음
2026-01-30 18:43:21,176 - INFO - [SUCCESS] 채널 18 처리 완료: {'status': 'skip', 'reason': 'No data'}
2026-01-30 18:43:21,176 - INFO - 
================================================================================
2026-01-30 18:43:21,176 - INFO - 채널 처리 중 [7/68]: channel_id=20
2026-01-30 18:43:21,178 - INFO - ================================================================================
2026-01-30 18:43:21,595 - INFO - [DEBUG] 채널 20 - 카테고리 조회 결과: []
2026-01-30 18:43:21,595 - INFO - [DEBUG] 채널 20 - 카테고리 없음
2026-01-30 18:43:21,595 - INFO - [SKIP] 채널 20 - 카테고리 없음
2026-01-30 18:43:21,595 - INFO - [SUCCESS] 채널 20 처리 완료: {'status': 'skip', 'reason': 'No data'}
2026-01-30 18:43:21,595 - INFO - 
================================================================================
2026-01-30 18:43:21,595 - INFO - 채널 처리 중 [8/68]: channel_id=24
2026-01-30 18:43:21,595 - INFO - ================================================================================
2026-01-30 18:43:22,073 - INFO - [DEBUG] 채널 24 - 카테고리 조회 결과: []
2026-01-30 18:43:22,073 - INFO - [DEBUG] 채널 24 - 카테고리 없음
2026-01-30 18:43:22,073 - INFO - [SKIP] 채널 24 - 카테고리 없음
2026-01-30 18:43:22,073 - INFO - [SUCCESS] 채널 24 처리 완료: {'status': 'skip', 'reason': 'No data'}
2026-01-30 18:43:22,073 - INFO - 
================================================================================
2026-01-30 18:43:22,073 - INFO - 채널 처리 중 [9/68]: channel_id=15
2026-01-30 18:43:22,073 - INFO - ================================================================================
2026-01-30 18:43:22,498 - INFO - [DEBUG] 채널 15 - 카테고리 조회 결과: []
2026-01-30 18:43:22,499 - INFO - [DEBUG] 채널 15 - 카테고리 없음
2026-01-30 18:43:22,501 - INFO - [SKIP] 채널 15 - 카테고리 없음
2026-01-30 18:43:22,501 - INFO - [SUCCESS] 채널 15 처리 완료: {'status': 'skip', 'reason': 'No data'}
2026-01-30 18:43:22,501 - INFO - 
================================================================================
2026-01-30 18:43:22,501 - INFO - 채널 처리 중 [10/68]: channel_id=2
2026-01-30 18:43:22,501 - INFO - ================================================================================
2026-01-30 18:43:22,940 - INFO - [DEBUG] 채널 2 - 카테고리 조회 결과: [{'category_id': 8, 'category_name': '기타'}]
2026-01-30 18:43:23,351 - INFO - [DEBUG] 채널 2 - 총 게시글 수: 1
2026-01-30 18:43:23,749 - INFO - [DEBUG] 채널 2 - 기타 카테고리 게시글 수: 1
2026-01-30 18:43:23,749 - INFO - [DEBUG] 채널 2 - is_initial: True, post_count: 1, etc_ratio: 100.00%
2026-01-30 18:43:23,749 - INFO - [DEBUG] 채널 2 상태 - is_initial=True, post_count=1, etc_ratio=100.00%
2026-01-30 18:43:23,758 - INFO - [TRACK_B] 진입: 채널 2 (etc_ratio=100.00%)
2026-01-30 18:43:24,188 - INFO - [SUCCESS] 채널 2 처리 완료: {'status': 'skip', 'reason': 'No etc posts'}
2026-01-30 18:43:24,189 - INFO - 
================================================================================
2026-01-30 18:43:24,189 - INFO - 채널 처리 중 [11/68]: channel_id=51
2026-01-30 18:43:24,189 - INFO - ================================================================================
2026-01-30 18:43:24,611 - INFO - [DEBUG] 채널 51 - 카테고리 조회 결과: []
2026-01-30 18:43:24,611 - INFO - [DEBUG] 채널 51 - 카테고리 없음
2026-01-30 18:43:24,611 - INFO - [SKIP] 채널 51 - 카테고리 없음
2026-01-30 18:43:24,611 - INFO - [SUCCESS] 채널 51 처리 완료: {'status': 'skip', 'reason': 'No data'}
2026-01-30 18:43:24,611 - INFO - 
================================================================================
2026-01-30 18:43:24,611 - INFO - 채널 처리 중 [12/68]: channel_id=3
2026-01-30 18:43:24,611 - INFO - ================================================================================
2026-01-30 18:43:25,030 - INFO - [DEBUG] 채널 3 - 카테고리 조회 결과: []
2026-01-30 18:43:25,032 - INFO - [DEBUG] 채널 3 - 카테고리 없음
2026-01-30 18:43:25,032 - INFO - [SKIP] 채널 3 - 카테고리 없음
2026-01-30 18:43:25,032 - INFO - [SUCCESS] 채널 3 처리 완료: {'status': 'skip', 'reason': 'No data'}
2026-01-30 18:43:25,034 - INFO - 
================================================================================
2026-01-30 18:43:25,035 - INFO - 채널 처리 중 [13/68]: channel_id=4
2026-01-30 18:43:25,035 - INFO - ================================================================================
2026-01-30 18:43:25,470 - INFO - [DEBUG] 채널 4 - 카테고리 조회 결과: []
2026-01-30 18:43:25,470 - INFO - [DEBUG] 채널 4 - 카테고리 없음
2026-01-30 18:43:25,472 - INFO - [SKIP] 채널 4 - 카테고리 없음
2026-01-30 18:43:25,472 - INFO - [SUCCESS] 채널 4 처리 완료: {'status': 'skip', 'reason': 'No data'}
2026-01-30 18:43:25,472 - INFO - 
================================================================================
2026-01-30 18:43:25,472 - INFO - 채널 처리 중 [14/68]: channel_id=6
2026-01-30 18:43:25,472 - INFO - ================================================================================
2026-01-30 18:43:25,882 - INFO - [DEBUG] 채널 6 - 카테고리 조회 결과: [{'category_id': 9, 'category_name': '기타'}]
2026-01-30 18:43:26,296 - INFO - [DEBUG] 채널 6 - 총 게시글 수: 2
2026-01-30 18:43:26,726 - INFO - [DEBUG] 채널 6 - 기타 카테고리 게시글 수: 2
2026-01-30 18:43:26,726 - INFO - [DEBUG] 채널 6 - is_initial: True, post_count: 2, etc_ratio: 100.00%
2026-01-30 18:43:26,726 - INFO - [DEBUG] 채널 6 상태 - is_initial=True, post_count=2, etc_ratio=100.00%
2026-01-30 18:43:26,726 - INFO - [TRACK_B] 진입: 채널 6 (etc_ratio=100.00%)
2026-01-30 18:43:27,121 - INFO - [SUCCESS] 채널 6 처리 완료: {'status': 'skip', 'reason': 'No etc posts'}
2026-01-30 18:43:27,121 - INFO - 
================================================================================
2026-01-30 18:43:27,127 - INFO - 채널 처리 중 [15/68]: channel_id=52
2026-01-30 18:43:27,127 - INFO - ================================================================================
2026-01-30 18:43:27,512 - INFO - [DEBUG] 채널 52 - 카테고리 조회 결과: []
2026-01-30 18:43:27,512 - INFO - [DEBUG] 채널 52 - 카테고리 없음
2026-01-30 18:43:27,512 - INFO - [SKIP] 채널 52 - 카테고리 없음
2026-01-30 18:43:27,512 - INFO - [SUCCESS] 채널 52 처리 완료: {'status': 'skip', 'reason': 'No data'}
2026-01-30 18:43:27,512 - INFO - 
================================================================================
2026-01-30 18:43:27,512 - INFO - 채널 처리 중 [16/68]: channel_id=53
2026-01-30 18:43:27,512 - INFO - ================================================================================
2026-01-30 18:43:27,954 - INFO - [DEBUG] 채널 53 - 카테고리 조회 결과: []
2026-01-30 18:43:27,972 - INFO - [DEBUG] 채널 53 - 카테고리 없음
2026-01-30 18:43:27,972 - INFO - [SKIP] 채널 53 - 카테고리 없음
2026-01-30 18:43:27,972 - INFO - [SUCCESS] 채널 53 처리 완료: {'status': 'skip', 'reason': 'No data'}
2026-01-30 18:43:27,972 - INFO - 
================================================================================
2026-01-30 18:43:27,972 - INFO - 채널 처리 중 [17/68]: channel_id=9
2026-01-30 18:43:27,972 - INFO - ================================================================================
2026-01-30 18:43:28,386 - INFO - [DEBUG] 채널 9 - 카테고리 조회 결과: []
2026-01-30 18:43:28,386 - INFO - [DEBUG] 채널 9 - 카테고리 없음
2026-01-30 18:43:28,391 - INFO - [SKIP] 채널 9 - 카테고리 없음
2026-01-30 18:43:28,391 - INFO - [SUCCESS] 채널 9 처리 완료: {'status': 'skip', 'reason': 'No data'}
2026-01-30 18:43:28,392 - INFO - 
================================================================================
2026-01-30 18:43:28,393 - INFO - 채널 처리 중 [18/68]: channel_id=10
2026-01-30 18:43:28,393 - INFO - ================================================================================
2026-01-30 18:43:28,758 - INFO - [DEBUG] 채널 10 - 카테고리 조회 결과: []
2026-01-30 18:43:28,765 - INFO - [DEBUG] 채널 10 - 카테고리 없음
2026-01-30 18:43:28,766 - INFO - [SKIP] 채널 10 - 카테고리 없음
2026-01-30 18:43:28,766 - INFO - [SUCCESS] 채널 10 처리 완료: {'status': 'skip', 'reason': 'No data'}
2026-01-30 18:43:28,766 - INFO - 
================================================================================
2026-01-30 18:43:28,766 - INFO - 채널 처리 중 [19/68]: channel_id=11
2026-01-30 18:43:28,766 - INFO - ================================================================================
2026-01-30 18:43:29,177 - INFO - [DEBUG] 채널 11 - 카테고리 조회 결과: []
2026-01-30 18:43:29,177 - INFO - [DEBUG] 채널 11 - 카테고리 없음
2026-01-30 18:43:29,177 - INFO - [SKIP] 채널 11 - 카테고리 없음
2026-01-30 18:43:29,182 - INFO - [SUCCESS] 채널 11 처리 완료: {'status': 'skip', 'reason': 'No data'}
2026-01-30 18:43:29,182 - INFO - 
================================================================================
2026-01-30 18:43:29,182 - INFO - 채널 처리 중 [20/68]: channel_id=54
2026-01-30 18:43:29,183 - INFO - ================================================================================
2026-01-30 18:43:29,578 - INFO - [DEBUG] 채널 54 - 카테고리 조회 결과: []
2026-01-30 18:43:29,580 - INFO - [DEBUG] 채널 54 - 카테고리 없음
2026-01-30 18:43:29,581 - INFO - [SKIP] 채널 54 - 카테고리 없음
2026-01-30 18:43:29,581 - INFO - [SUCCESS] 채널 54 처리 완료: {'status': 'skip', 'reason': 'No data'}
2026-01-30 18:43:29,581 - INFO - 
================================================================================
2026-01-30 18:43:29,581 - INFO - 채널 처리 중 [21/68]: channel_id=12
2026-01-30 18:43:29,581 - INFO - ================================================================================
2026-01-30 18:43:29,977 - INFO - [DEBUG] 채널 12 - 카테고리 조회 결과: []
2026-01-30 18:43:29,983 - INFO - [DEBUG] 채널 12 - 카테고리 없음
2026-01-30 18:43:29,984 - INFO - [SKIP] 채널 12 - 카테고리 없음
2026-01-30 18:43:29,984 - INFO - [SUCCESS] 채널 12 처리 완료: {'status': 'skip', 'reason': 'No data'}
2026-01-30 18:43:29,984 - INFO - 
================================================================================
2026-01-30 18:43:29,984 - INFO - 채널 처리 중 [22/68]: channel_id=13
2026-01-30 18:43:29,985 - INFO - ================================================================================
2026-01-30 18:43:30,386 - INFO - [DEBUG] 채널 13 - 카테고리 조회 결과: []
2026-01-30 18:43:30,388 - INFO - [DEBUG] 채널 13 - 카테고리 없음
2026-01-30 18:43:30,388 - INFO - [SKIP] 채널 13 - 카테고리 없음
2026-01-30 18:43:30,388 - INFO - [SUCCESS] 채널 13 처리 완료: {'status': 'skip', 'reason': 'No data'}
2026-01-30 18:43:30,390 - INFO - 
================================================================================
2026-01-30 18:43:30,390 - INFO - 채널 처리 중 [23/68]: channel_id=67
2026-01-30 18:43:30,390 - INFO - ================================================================================
2026-01-30 18:43:30,796 - INFO - [DEBUG] 채널 67 - 카테고리 조회 결과: []
2026-01-30 18:43:30,796 - INFO - [DEBUG] 채널 67 - 카테고리 없음
2026-01-30 18:43:30,796 - INFO - [SKIP] 채널 67 - 카테고리 없음
2026-01-30 18:43:30,796 - INFO - [SUCCESS] 채널 67 처리 완료: {'status': 'skip', 'reason': 'No data'}
2026-01-30 18:43:30,796 - INFO - 
================================================================================
2026-01-30 18:43:30,796 - INFO - 채널 처리 중 [24/68]: channel_id=1
2026-01-30 18:43:30,796 - INFO - ================================================================================
2026-01-30 18:43:31,192 - INFO - [DEBUG] 채널 1 - 카테고리 조회 결과: [{'category_id': 1, 'category_name': '기타'}, {'category_id': 3, 'category_name': '취업특강정보'}, {'category_id': 4, 'category_name': '개발 관련 문제 해결 도움 요청'}, {'category_id': 5, 'category_name': '스터디/모임 모집'}, {'category_id': 6, 'category_name': '식사/음료 함께 하실 분 모집'}, {'category_id': 7, 'category_name': '기타'}]
2026-01-30 18:43:31,563 - INFO - [DEBUG] 채널 1 - 총 게시글 수: 66
2026-01-30 18:43:31,962 - INFO - [DEBUG] 채널 1 - 기타 카테고리 게시글 수: 18
2026-01-30 18:43:31,962 - INFO - [DEBUG] 채널 1 - is_initial: False, post_count: 66, etc_ratio: 27.27%
2026-01-30 18:43:31,967 - INFO - [DEBUG] 채널 1 상태 - is_initial=False, post_count=66, etc_ratio=27.27%
2026-01-30 18:43:31,967 - INFO - [TRACK_B] 진입: 채널 1 (etc_ratio=27.27%)
2026-01-30 18:43:32,394 - INFO - [SUCCESS] 채널 1 처리 완료: {'status': 'skip', 'reason': 'No etc posts'}
2026-01-30 18:43:32,394 - INFO - 
================================================================================
2026-01-30 18:43:32,396 - INFO - 채널 처리 중 [25/68]: channel_id=43
2026-01-30 18:43:32,396 - INFO - ================================================================================
2026-01-30 18:43:32,793 - INFO - [DEBUG] 채널 43 - 카테고리 조회 결과: []
2026-01-30 18:43:32,795 - INFO - [DEBUG] 채널 43 - 카테고리 없음
2026-01-30 18:43:32,795 - INFO - [SKIP] 채널 43 - 카테고리 없음
2026-01-30 18:43:32,795 - INFO - [SUCCESS] 채널 43 처리 완료: {'status': 'skip', 'reason': 'No data'}
2026-01-30 18:43:32,796 - INFO - 
================================================================================
2026-01-30 18:43:32,796 - INFO - 채널 처리 중 [26/68]: channel_id=44
2026-01-30 18:43:32,796 - INFO - ================================================================================
2026-01-30 18:43:33,225 - INFO - [DEBUG] 채널 44 - 카테고리 조회 결과: []
2026-01-30 18:43:33,226 - INFO - [DEBUG] 채널 44 - 카테고리 없음
2026-01-30 18:43:33,226 - INFO - [SKIP] 채널 44 - 카테고리 없음
2026-01-30 18:43:33,226 - INFO - [SUCCESS] 채널 44 처리 완료: {'status': 'skip', 'reason': 'No data'}
2026-01-30 18:43:33,227 - INFO - 
================================================================================
2026-01-30 18:43:33,227 - INFO - 채널 처리 중 [27/68]: channel_id=5
2026-01-30 18:43:33,227 - INFO - ================================================================================
2026-01-30 18:43:33,615 - INFO - [DEBUG] 채널 5 - 카테고리 조회 결과: []
2026-01-30 18:43:33,616 - INFO - [DEBUG] 채널 5 - 카테고리 없음
2026-01-30 18:43:33,616 - INFO - [SKIP] 채널 5 - 카테고리 없음
2026-01-30 18:43:33,618 - INFO - [SUCCESS] 채널 5 처리 완료: {'status': 'skip', 'reason': 'No data'}
2026-01-30 18:43:33,618 - INFO - 
================================================================================
2026-01-30 18:43:33,618 - INFO - 채널 처리 중 [28/68]: channel_id=7
2026-01-30 18:43:33,618 - INFO - ================================================================================
2026-01-30 18:43:34,004 - INFO - [DEBUG] 채널 7 - 카테고리 조회 결과: []
2026-01-30 18:43:34,004 - INFO - [DEBUG] 채널 7 - 카테고리 없음
2026-01-30 18:43:34,004 - INFO - [SKIP] 채널 7 - 카테고리 없음
2026-01-30 18:43:34,005 - INFO - [SUCCESS] 채널 7 처리 완료: {'status': 'skip', 'reason': 'No data'}
2026-01-30 18:43:34,005 - INFO - 
================================================================================
2026-01-30 18:43:34,006 - INFO - 채널 처리 중 [29/68]: channel_id=55
2026-01-30 18:43:34,006 - INFO - ================================================================================
2026-01-30 18:43:34,405 - INFO - [DEBUG] 채널 55 - 카테고리 조회 결과: []
2026-01-30 18:43:34,405 - INFO - [DEBUG] 채널 55 - 카테고리 없음
2026-01-30 18:43:34,405 - INFO - [SKIP] 채널 55 - 카테고리 없음
2026-01-30 18:43:34,405 - INFO - [SUCCESS] 채널 55 처리 완료: {'status': 'skip', 'reason': 'No data'}
2026-01-30 18:43:34,405 - INFO - 
================================================================================
2026-01-30 18:43:34,405 - INFO - 채널 처리 중 [30/68]: channel_id=22
2026-01-30 18:43:34,405 - INFO - ================================================================================
2026-01-30 18:43:34,771 - INFO - [DEBUG] 채널 22 - 카테고리 조회 결과: []
2026-01-30 18:43:34,789 - INFO - [DEBUG] 채널 22 - 카테고리 없음
2026-01-30 18:43:34,789 - INFO - [SKIP] 채널 22 - 카테고리 없음
2026-01-30 18:43:34,789 - INFO - [SUCCESS] 채널 22 처리 완료: {'status': 'skip', 'reason': 'No data'}
2026-01-30 18:43:34,791 - INFO - 
================================================================================
2026-01-30 18:43:34,791 - INFO - 채널 처리 중 [31/68]: channel_id=14
2026-01-30 18:43:34,791 - INFO - ================================================================================
2026-01-30 18:43:35,164 - INFO - [DEBUG] 채널 14 - 카테고리 조회 결과: []
2026-01-30 18:43:35,166 - INFO - [DEBUG] 채널 14 - 카테고리 없음
2026-01-30 18:43:35,167 - INFO - [SKIP] 채널 14 - 카테고리 없음
2026-01-30 18:43:35,167 - INFO - [SUCCESS] 채널 14 처리 완료: {'status': 'skip', 'reason': 'No data'}
2026-01-30 18:43:35,167 - INFO - 
================================================================================
2026-01-30 18:43:35,168 - INFO - 채널 처리 중 [32/68]: channel_id=23
2026-01-30 18:43:35,169 - INFO - ================================================================================
2026-01-30 18:43:35,553 - INFO - [DEBUG] 채널 23 - 카테고리 조회 결과: []
2026-01-30 18:43:35,553 - INFO - [DEBUG] 채널 23 - 카테고리 없음
2026-01-30 18:43:35,553 - INFO - [SKIP] 채널 23 - 카테고리 없음
2026-01-30 18:43:35,553 - INFO - [SUCCESS] 채널 23 처리 완료: {'status': 'skip', 'reason': 'No data'}
2026-01-30 18:43:35,555 - INFO - 
================================================================================
2026-01-30 18:43:35,555 - INFO - 채널 처리 중 [33/68]: channel_id=26
2026-01-30 18:43:35,555 - INFO - ================================================================================
2026-01-30 18:43:35,955 - INFO - [DEBUG] 채널 26 - 카테고리 조회 결과: []
2026-01-30 18:43:35,965 - INFO - [DEBUG] 채널 26 - 카테고리 없음
2026-01-30 18:43:35,966 - INFO - [SKIP] 채널 26 - 카테고리 없음
2026-01-30 18:43:35,966 - INFO - [SUCCESS] 채널 26 처리 완료: {'status': 'skip', 'reason': 'No data'}
2026-01-30 18:43:35,966 - INFO - 
================================================================================
2026-01-30 18:43:35,967 - INFO - 채널 처리 중 [34/68]: channel_id=28
2026-01-30 18:43:35,967 - INFO - ================================================================================
2026-01-30 18:43:36,354 - INFO - [DEBUG] 채널 28 - 카테고리 조회 결과: []
2026-01-30 18:43:36,355 - INFO - [DEBUG] 채널 28 - 카테고리 없음
2026-01-30 18:43:36,356 - INFO - [SKIP] 채널 28 - 카테고리 없음
2026-01-30 18:43:36,356 - INFO - [SUCCESS] 채널 28 처리 완료: {'status': 'skip', 'reason': 'No data'}
2026-01-30 18:43:36,356 - INFO - 
================================================================================
2026-01-30 18:43:36,356 - INFO - 채널 처리 중 [35/68]: channel_id=45
2026-01-30 18:43:36,356 - INFO - ================================================================================
2026-01-30 18:43:36,765 - INFO - [DEBUG] 채널 45 - 카테고리 조회 결과: []
2026-01-30 18:43:36,765 - INFO - [DEBUG] 채널 45 - 카테고리 없음
2026-01-30 18:43:36,765 - INFO - [SKIP] 채널 45 - 카테고리 없음
2026-01-30 18:43:36,765 - INFO - [SUCCESS] 채널 45 처리 완료: {'status': 'skip', 'reason': 'No data'}
2026-01-30 18:43:36,765 - INFO - 
================================================================================
2026-01-30 18:43:36,765 - INFO - 채널 처리 중 [36/68]: channel_id=56
2026-01-30 18:43:36,765 - INFO - ================================================================================
2026-01-30 18:43:37,139 - INFO - [DEBUG] 채널 56 - 카테고리 조회 결과: []
2026-01-30 18:43:37,139 - INFO - [DEBUG] 채널 56 - 카테고리 없음
2026-01-30 18:43:37,139 - INFO - [SKIP] 채널 56 - 카테고리 없음
2026-01-30 18:43:37,139 - INFO - [SUCCESS] 채널 56 처리 완료: {'status': 'skip', 'reason': 'No data'}
2026-01-30 18:43:37,139 - INFO - 
================================================================================
2026-01-30 18:43:37,139 - INFO - 채널 처리 중 [37/68]: channel_id=46
2026-01-30 18:43:37,139 - INFO - ================================================================================
2026-01-30 18:43:37,552 - INFO - [DEBUG] 채널 46 - 카테고리 조회 결과: []
2026-01-30 18:43:37,552 - INFO - [DEBUG] 채널 46 - 카테고리 없음
2026-01-30 18:43:37,554 - INFO - [SKIP] 채널 46 - 카테고리 없음
2026-01-30 18:43:37,554 - INFO - [SUCCESS] 채널 46 처리 완료: {'status': 'skip', 'reason': 'No data'}
2026-01-30 18:43:37,554 - INFO - 
================================================================================
2026-01-30 18:43:37,554 - INFO - 채널 처리 중 [38/68]: channel_id=8
2026-01-30 18:43:37,556 - INFO - ================================================================================
2026-01-30 18:43:38,004 - INFO - [DEBUG] 채널 8 - 카테고리 조회 결과: []
2026-01-30 18:43:38,005 - INFO - [DEBUG] 채널 8 - 카테고리 없음
2026-01-30 18:43:38,005 - INFO - [SKIP] 채널 8 - 카테고리 없음
2026-01-30 18:43:38,005 - INFO - [SUCCESS] 채널 8 처리 완료: {'status': 'skip', 'reason': 'No data'}
2026-01-30 18:43:38,006 - INFO - 
================================================================================
2026-01-30 18:43:38,006 - INFO - 채널 처리 중 [39/68]: channel_id=47
2026-01-30 18:43:38,006 - INFO - ================================================================================
2026-01-30 18:43:38,393 - INFO - [DEBUG] 채널 47 - 카테고리 조회 결과: []
2026-01-30 18:43:38,397 - INFO - [DEBUG] 채널 47 - 카테고리 없음
2026-01-30 18:43:38,397 - INFO - [SKIP] 채널 47 - 카테고리 없음
2026-01-30 18:43:38,397 - INFO - [SUCCESS] 채널 47 처리 완료: {'status': 'skip', 'reason': 'No data'}
2026-01-30 18:43:38,397 - INFO - 
================================================================================
2026-01-30 18:43:38,397 - INFO - 채널 처리 중 [40/68]: channel_id=68
2026-01-30 18:43:38,397 - INFO - ================================================================================
2026-01-30 18:43:38,814 - INFO - [DEBUG] 채널 68 - 카테고리 조회 결과: []
2026-01-30 18:43:38,815 - INFO - [DEBUG] 채널 68 - 카테고리 없음
2026-01-30 18:43:38,815 - INFO - [SKIP] 채널 68 - 카테고리 없음
2026-01-30 18:43:38,815 - INFO - [SUCCESS] 채널 68 처리 완료: {'status': 'skip', 'reason': 'No data'}
2026-01-30 18:43:38,816 - INFO - 
================================================================================
2026-01-30 18:43:38,816 - INFO - 채널 처리 중 [41/68]: channel_id=40
2026-01-30 18:43:38,816 - INFO - ================================================================================
2026-01-30 18:43:39,195 - INFO - [DEBUG] 채널 40 - 카테고리 조회 결과: []
2026-01-30 18:43:39,195 - INFO - [DEBUG] 채널 40 - 카테고리 없음
2026-01-30 18:43:39,195 - INFO - [SKIP] 채널 40 - 카테고리 없음
2026-01-30 18:43:39,198 - INFO - [SUCCESS] 채널 40 처리 완료: {'status': 'skip', 'reason': 'No data'}
2026-01-30 18:43:39,198 - INFO - 
================================================================================
2026-01-30 18:43:39,198 - INFO - 채널 처리 중 [42/68]: channel_id=57
2026-01-30 18:43:39,198 - INFO - ================================================================================
2026-01-30 18:43:39,581 - INFO - [DEBUG] 채널 57 - 카테고리 조회 결과: []
2026-01-30 18:43:39,581 - INFO - [DEBUG] 채널 57 - 카테고리 없음
2026-01-30 18:43:39,581 - INFO - [SKIP] 채널 57 - 카테고리 없음
2026-01-30 18:43:39,581 - INFO - [SUCCESS] 채널 57 처리 완료: {'status': 'skip', 'reason': 'No data'}
2026-01-30 18:43:39,586 - INFO - 
================================================================================
2026-01-30 18:43:39,586 - INFO - 채널 처리 중 [43/68]: channel_id=19
2026-01-30 18:43:39,586 - INFO - ================================================================================
2026-01-30 18:43:39,960 - INFO - [DEBUG] 채널 19 - 카테고리 조회 결과: []
2026-01-30 18:43:39,960 - INFO - [DEBUG] 채널 19 - 카테고리 없음
2026-01-30 18:43:39,960 - INFO - [SKIP] 채널 19 - 카테고리 없음
2026-01-30 18:43:39,960 - INFO - [SUCCESS] 채널 19 처리 완료: {'status': 'skip', 'reason': 'No data'}
2026-01-30 18:43:39,960 - INFO - 
================================================================================
2026-01-30 18:43:39,960 - INFO - 채널 처리 중 [44/68]: channel_id=41
2026-01-30 18:43:39,960 - INFO - ================================================================================
2026-01-30 18:43:40,348 - INFO - [DEBUG] 채널 41 - 카테고리 조회 결과: []
2026-01-30 18:43:40,348 - INFO - [DEBUG] 채널 41 - 카테고리 없음
2026-01-30 18:43:40,348 - INFO - [SKIP] 채널 41 - 카테고리 없음
2026-01-30 18:43:40,348 - INFO - [SUCCESS] 채널 41 처리 완료: {'status': 'skip', 'reason': 'No data'}
2026-01-30 18:43:40,348 - INFO - 
================================================================================
2026-01-30 18:43:40,348 - INFO - 채널 처리 중 [45/68]: channel_id=21
2026-01-30 18:43:40,348 - INFO - ================================================================================
2026-01-30 18:43:40,759 - INFO - [DEBUG] 채널 21 - 카테고리 조회 결과: []
2026-01-30 18:43:40,764 - INFO - [DEBUG] 채널 21 - 카테고리 없음
2026-01-30 18:43:40,764 - INFO - [SKIP] 채널 21 - 카테고리 없음
2026-01-30 18:43:40,764 - INFO - [SUCCESS] 채널 21 처리 완료: {'status': 'skip', 'reason': 'No data'}
2026-01-30 18:43:40,764 - INFO - 
================================================================================
2026-01-30 18:43:40,764 - INFO - 채널 처리 중 [46/68]: channel_id=42
2026-01-30 18:43:40,764 - INFO - ================================================================================
2026-01-30 18:43:41,135 - INFO - [DEBUG] 채널 42 - 카테고리 조회 결과: []
2026-01-30 18:43:41,135 - INFO - [DEBUG] 채널 42 - 카테고리 없음
2026-01-30 18:43:41,136 - INFO - [SKIP] 채널 42 - 카테고리 없음
2026-01-30 18:43:41,136 - INFO - [SUCCESS] 채널 42 처리 완료: {'status': 'skip', 'reason': 'No data'}
2026-01-30 18:43:41,136 - INFO - 
================================================================================
2026-01-30 18:43:41,137 - INFO - 채널 처리 중 [47/68]: channel_id=27
2026-01-30 18:43:41,137 - INFO - ================================================================================
2026-01-30 18:43:41,515 - INFO - [DEBUG] 채널 27 - 카테고리 조회 결과: []
2026-01-30 18:43:41,515 - INFO - [DEBUG] 채널 27 - 카테고리 없음
2026-01-30 18:43:41,515 - INFO - [SKIP] 채널 27 - 카테고리 없음
2026-01-30 18:43:41,517 - INFO - [SUCCESS] 채널 27 처리 완료: {'status': 'skip', 'reason': 'No data'}
2026-01-30 18:43:41,517 - INFO - 
================================================================================
2026-01-30 18:43:41,517 - INFO - 채널 처리 중 [48/68]: channel_id=58
2026-01-30 18:43:41,517 - INFO - ================================================================================
2026-01-30 18:43:41,890 - INFO - [DEBUG] 채널 58 - 카테고리 조회 결과: []
2026-01-30 18:43:41,890 - INFO - [DEBUG] 채널 58 - 카테고리 없음
2026-01-30 18:43:41,890 - INFO - [SKIP] 채널 58 - 카테고리 없음
2026-01-30 18:43:41,890 - INFO - [SUCCESS] 채널 58 처리 완료: {'status': 'skip', 'reason': 'No data'}
2026-01-30 18:43:41,899 - INFO - 
================================================================================
2026-01-30 18:43:41,899 - INFO - 채널 처리 중 [49/68]: channel_id=30
2026-01-30 18:43:41,899 - INFO - ================================================================================
2026-01-30 18:43:42,304 - INFO - [DEBUG] 채널 30 - 카테고리 조회 결과: []
2026-01-30 18:43:42,305 - INFO - [DEBUG] 채널 30 - 카테고리 없음
2026-01-30 18:43:42,307 - INFO - [SKIP] 채널 30 - 카테고리 없음
2026-01-30 18:43:42,307 - INFO - [SUCCESS] 채널 30 처리 완료: {'status': 'skip', 'reason': 'No data'}
2026-01-30 18:43:42,307 - INFO - 
================================================================================
2026-01-30 18:43:42,307 - INFO - 채널 처리 중 [50/68]: channel_id=31
2026-01-30 18:43:42,308 - INFO - ================================================================================
2026-01-30 18:43:42,709 - INFO - [DEBUG] 채널 31 - 카테고리 조회 결과: []
2026-01-30 18:43:42,710 - INFO - [DEBUG] 채널 31 - 카테고리 없음
2026-01-30 18:43:42,710 - INFO - [SKIP] 채널 31 - 카테고리 없음
2026-01-30 18:43:42,710 - INFO - [SUCCESS] 채널 31 처리 완료: {'status': 'skip', 'reason': 'No data'}
2026-01-30 18:43:42,710 - INFO - 
================================================================================
2026-01-30 18:43:42,710 - INFO - 채널 처리 중 [51/68]: channel_id=32
2026-01-30 18:43:42,710 - INFO - ================================================================================
2026-01-30 18:43:43,127 - INFO - [DEBUG] 채널 32 - 카테고리 조회 결과: []
2026-01-30 18:43:43,136 - INFO - [DEBUG] 채널 32 - 카테고리 없음
2026-01-30 18:43:43,136 - INFO - [SKIP] 채널 32 - 카테고리 없음
2026-01-30 18:43:43,136 - INFO - [SUCCESS] 채널 32 처리 완료: {'status': 'skip', 'reason': 'No data'}
2026-01-30 18:43:43,137 - INFO - 
================================================================================
2026-01-30 18:43:43,138 - INFO - 채널 처리 중 [52/68]: channel_id=33
2026-01-30 18:43:43,139 - INFO - ================================================================================
2026-01-30 18:43:43,557 - INFO - [DEBUG] 채널 33 - 카테고리 조회 결과: []
2026-01-30 18:43:43,563 - INFO - [DEBUG] 채널 33 - 카테고리 없음
2026-01-30 18:43:43,563 - INFO - [SKIP] 채널 33 - 카테고리 없음
2026-01-30 18:43:43,563 - INFO - [SUCCESS] 채널 33 처리 완료: {'status': 'skip', 'reason': 'No data'}
2026-01-30 18:43:43,563 - INFO - 
================================================================================
2026-01-30 18:43:43,567 - INFO - 채널 처리 중 [53/68]: channel_id=34
2026-01-30 18:43:43,567 - INFO - ================================================================================
2026-01-30 18:43:43,958 - INFO - [DEBUG] 채널 34 - 카테고리 조회 결과: [{'category_id': 10, 'category_name': '기타'}]
2026-01-30 18:43:44,375 - INFO - [DEBUG] 채널 34 - 총 게시글 수: 3
2026-01-30 18:43:44,768 - INFO - [DEBUG] 채널 34 - 기타 카테고리 게시글 수: 3
2026-01-30 18:43:44,768 - INFO - [DEBUG] 채널 34 - is_initial: True, post_count: 3, etc_ratio: 100.00%
2026-01-30 18:43:44,768 - INFO - [DEBUG] 채널 34 상태 - is_initial=True, post_count=3, etc_ratio=100.00%
2026-01-30 18:43:44,768 - INFO - [TRACK_B] 진입: 채널 34 (etc_ratio=100.00%)
2026-01-30 18:43:45,152 - INFO - [SUCCESS] 채널 34 처리 완료: {'status': 'skip', 'reason': 'No etc posts'}
2026-01-30 18:43:45,154 - INFO - 
================================================================================
2026-01-30 18:43:45,154 - INFO - 채널 처리 중 [54/68]: channel_id=66
2026-01-30 18:43:45,156 - INFO - ================================================================================
2026-01-30 18:43:45,549 - INFO - [DEBUG] 채널 66 - 카테고리 조회 결과: []
2026-01-30 18:43:45,554 - INFO - [DEBUG] 채널 66 - 카테고리 없음
2026-01-30 18:43:45,554 - INFO - [SKIP] 채널 66 - 카테고리 없음
2026-01-30 18:43:45,556 - INFO - [SUCCESS] 채널 66 처리 완료: {'status': 'skip', 'reason': 'No data'}
2026-01-30 18:43:45,556 - INFO - 
================================================================================
2026-01-30 18:43:45,556 - INFO - 채널 처리 중 [55/68]: channel_id=35
2026-01-30 18:43:45,556 - INFO - ================================================================================
2026-01-30 18:43:45,966 - INFO - [DEBUG] 채널 35 - 카테고리 조회 결과: [{'category_id': 11, 'category_name': '기타'}]
2026-01-30 18:43:46,361 - INFO - [DEBUG] 채널 35 - 총 게시글 수: 4
2026-01-30 18:43:46,766 - INFO - [DEBUG] 채널 35 - 기타 카테고리 게시글 수: 4
2026-01-30 18:43:46,766 - INFO - [DEBUG] 채널 35 - is_initial: True, post_count: 4, etc_ratio: 100.00%
2026-01-30 18:43:46,766 - INFO - [DEBUG] 채널 35 상태 - is_initial=True, post_count=4, etc_ratio=100.00%
2026-01-30 18:43:46,766 - INFO - [TRACK_B] 진입: 채널 35 (etc_ratio=100.00%)
2026-01-30 18:43:47,197 - INFO - [SUCCESS] 채널 35 처리 완료: {'status': 'skip', 'reason': 'No etc posts'}
2026-01-30 18:43:47,197 - INFO - 
================================================================================
2026-01-30 18:43:47,197 - INFO - 채널 처리 중 [56/68]: channel_id=36
2026-01-30 18:43:47,197 - INFO - ================================================================================
2026-01-30 18:43:47,602 - INFO - [DEBUG] 채널 36 - 카테고리 조회 결과: []
2026-01-30 18:43:47,602 - INFO - [DEBUG] 채널 36 - 카테고리 없음
2026-01-30 18:43:47,606 - INFO - [SKIP] 채널 36 - 카테고리 없음
2026-01-30 18:43:47,607 - INFO - [SUCCESS] 채널 36 처리 완료: {'status': 'skip', 'reason': 'No data'}
2026-01-30 18:43:47,608 - INFO - 
================================================================================
2026-01-30 18:43:47,608 - INFO - 채널 처리 중 [57/68]: channel_id=37
2026-01-30 18:43:47,608 - INFO - ================================================================================
2026-01-30 18:43:48,013 - INFO - [DEBUG] 채널 37 - 카테고리 조회 결과: []
2026-01-30 18:43:48,013 - INFO - [DEBUG] 채널 37 - 카테고리 없음
2026-01-30 18:43:48,016 - INFO - [SKIP] 채널 37 - 카테고리 없음
2026-01-30 18:43:48,016 - INFO - [SUCCESS] 채널 37 처리 완료: {'status': 'skip', 'reason': 'No data'}
2026-01-30 18:43:48,016 - INFO - 
================================================================================
2026-01-30 18:43:48,017 - INFO - 채널 처리 중 [58/68]: channel_id=59
2026-01-30 18:43:48,017 - INFO - ================================================================================
2026-01-30 18:43:48,423 - INFO - [DEBUG] 채널 59 - 카테고리 조회 결과: [{'category_id': 12, 'category_name': '기타'}]
2026-01-30 18:43:48,812 - INFO - [DEBUG] 채널 59 - 총 게시글 수: 52
2026-01-30 18:43:49,224 - INFO - [DEBUG] 채널 59 - 기타 카테고리 게시글 수: 52
2026-01-30 18:43:49,224 - INFO - [DEBUG] 채널 59 - is_initial: True, post_count: 52, etc_ratio: 100.00%
2026-01-30 18:43:49,224 - INFO - [DEBUG] 채널 59 상태 - is_initial=True, post_count=52, etc_ratio=100.00%
2026-01-30 18:43:49,224 - INFO - [TRACK_A] 진입: 채널 59 (is_initial=True, post_count=52)
2026-01-30 18:43:56,120 - INFO - [SUCCESS] 카테고리 '채용 공고' 생성 (임베딩 포함)
2026-01-30 18:43:58,589 - INFO - [SUCCESS] 카테고리 '취업 특강 및 멘토링' 생성 (임베딩 포함)
2026-01-30 18:44:00,941 - INFO - [SUCCESS] 카테고리 '취업 준비 자료' 생성 (임베딩 포함)
2026-01-30 18:45:21,250 - INFO - [SUCCESS] 채널 59 - 51개 게시글 분류 완료 (임베딩 기반, 임계값=0.7)
2026-01-30 18:45:21,251 - INFO - [SUCCESS] Track A 완료: 채널 59, 카테고리 3개 생성
2026-01-30 18:45:21,253 - INFO - [SUCCESS] 채널 59 처리 완료: {'status': 'success', 'track': 'A', 'new_categories': 3, 'classified_posts': 52}
2026-01-30 18:45:21,254 - INFO - 
================================================================================
2026-01-30 18:45:21,254 - INFO - 채널 처리 중 [59/68]: channel_id=38
2026-01-30 18:45:21,255 - INFO - ================================================================================
2026-01-30 18:45:21,770 - INFO - [DEBUG] 채널 38 - 카테고리 조회 결과: [{'category_id': 13, 'category_name': '기타'}]
2026-01-30 18:45:22,307 - INFO - [DEBUG] 채널 38 - 총 게시글 수: 1
2026-01-30 18:45:22,790 - INFO - [DEBUG] 채널 38 - 기타 카테고리 게시글 수: 1
2026-01-30 18:45:22,790 - INFO - [DEBUG] 채널 38 - is_initial: True, post_count: 1, etc_ratio: 100.00%
2026-01-30 18:45:22,790 - INFO - [DEBUG] 채널 38 상태 - is_initial=True, post_count=1, etc_ratio=100.00%
2026-01-30 18:45:22,790 - INFO - [TRACK_B] 진입: 채널 38 (etc_ratio=100.00%)
2026-01-30 18:45:23,315 - INFO - [SUCCESS] 채널 38 처리 완료: {'status': 'skip', 'reason': 'No etc posts'}
2026-01-30 18:45:23,317 - INFO - 
================================================================================
2026-01-30 18:45:23,318 - INFO - 채널 처리 중 [60/68]: channel_id=39
2026-01-30 18:45:23,318 - INFO - ================================================================================
2026-01-30 18:45:23,734 - INFO - [DEBUG] 채널 39 - 카테고리 조회 결과: []
2026-01-30 18:45:23,736 - INFO - [DEBUG] 채널 39 - 카테고리 없음
2026-01-30 18:45:23,736 - INFO - [SKIP] 채널 39 - 카테고리 없음
2026-01-30 18:45:23,736 - INFO - [SUCCESS] 채널 39 처리 완료: {'status': 'skip', 'reason': 'No data'}
2026-01-30 18:45:23,736 - INFO - 
================================================================================
2026-01-30 18:45:23,736 - INFO - 채널 처리 중 [61/68]: channel_id=60
2026-01-30 18:45:23,736 - INFO - ================================================================================
2026-01-30 18:45:24,152 - INFO - [DEBUG] 채널 60 - 카테고리 조회 결과: []
2026-01-30 18:45:24,153 - INFO - [DEBUG] 채널 60 - 카테고리 없음
2026-01-30 18:45:24,153 - INFO - [SKIP] 채널 60 - 카테고리 없음
2026-01-30 18:45:24,153 - INFO - [SUCCESS] 채널 60 처리 완료: {'status': 'skip', 'reason': 'No data'}
2026-01-30 18:45:24,153 - INFO - 
================================================================================
2026-01-30 18:45:24,153 - INFO - 채널 처리 중 [62/68]: channel_id=61
2026-01-30 18:45:24,153 - INFO - ================================================================================
2026-01-30 18:45:24,634 - INFO - [DEBUG] 채널 61 - 카테고리 조회 결과: []
2026-01-30 18:45:24,637 - INFO - [DEBUG] 채널 61 - 카테고리 없음
2026-01-30 18:45:24,637 - INFO - [SKIP] 채널 61 - 카테고리 없음
2026-01-30 18:45:24,637 - INFO - [SUCCESS] 채널 61 처리 완료: {'status': 'skip', 'reason': 'No data'}
2026-01-30 18:45:24,637 - INFO - 
================================================================================
2026-01-30 18:45:24,639 - INFO - 채널 처리 중 [63/68]: channel_id=62
2026-01-30 18:45:24,639 - INFO - ================================================================================
2026-01-30 18:45:25,192 - INFO - [DEBUG] 채널 62 - 카테고리 조회 결과: []
2026-01-30 18:45:25,204 - INFO - [DEBUG] 채널 62 - 카테고리 없음
2026-01-30 18:45:25,204 - INFO - [SKIP] 채널 62 - 카테고리 없음
2026-01-30 18:45:25,204 - INFO - [SUCCESS] 채널 62 처리 완료: {'status': 'skip', 'reason': 'No data'}
2026-01-30 18:45:25,204 - INFO - 
================================================================================
2026-01-30 18:45:25,204 - INFO - 채널 처리 중 [64/68]: channel_id=63
2026-01-30 18:45:25,204 - INFO - ================================================================================
2026-01-30 18:45:25,723 - INFO - [DEBUG] 채널 63 - 카테고리 조회 결과: []
2026-01-30 18:45:25,727 - INFO - [DEBUG] 채널 63 - 카테고리 없음
2026-01-30 18:45:25,727 - INFO - [SKIP] 채널 63 - 카테고리 없음
2026-01-30 18:45:25,727 - INFO - [SUCCESS] 채널 63 처리 완료: {'status': 'skip', 'reason': 'No data'}
2026-01-30 18:45:25,729 - INFO - 
================================================================================
2026-01-30 18:45:25,729 - INFO - 채널 처리 중 [65/68]: channel_id=64
2026-01-30 18:45:25,729 - INFO - ================================================================================
2026-01-30 18:45:26,127 - INFO - [DEBUG] 채널 64 - 카테고리 조회 결과: []
2026-01-30 18:45:26,127 - INFO - [DEBUG] 채널 64 - 카테고리 없음
2026-01-30 18:45:26,127 - INFO - [SKIP] 채널 64 - 카테고리 없음
2026-01-30 18:45:26,127 - INFO - [SUCCESS] 채널 64 처리 완료: {'status': 'skip', 'reason': 'No data'}
2026-01-30 18:45:26,129 - INFO - 
================================================================================
2026-01-30 18:45:26,129 - INFO - 채널 처리 중 [66/68]: channel_id=65
2026-01-30 18:45:26,129 - INFO - ================================================================================
2026-01-30 18:45:26,593 - INFO - [DEBUG] 채널 65 - 카테고리 조회 결과: []
2026-01-30 18:45:26,595 - INFO - [DEBUG] 채널 65 - 카테고리 없음
2026-01-30 18:45:26,595 - INFO - [SKIP] 채널 65 - 카테고리 없음
2026-01-30 18:45:26,595 - INFO - [SUCCESS] 채널 65 처리 완료: {'status': 'skip', 'reason': 'No data'}
2026-01-30 18:45:26,595 - INFO - 
================================================================================
2026-01-30 18:45:26,595 - INFO - 채널 처리 중 [67/68]: channel_id=25
2026-01-30 18:45:26,596 - INFO - ================================================================================
2026-01-30 18:45:27,126 - INFO - [DEBUG] 채널 25 - 카테고리 조회 결과: []
2026-01-30 18:45:27,136 - INFO - [DEBUG] 채널 25 - 카테고리 없음
2026-01-30 18:45:27,136 - INFO - [SKIP] 채널 25 - 카테고리 없음
2026-01-30 18:45:27,136 - INFO - [SUCCESS] 채널 25 처리 완료: {'status': 'skip', 'reason': 'No data'}
2026-01-30 18:45:27,136 - INFO - 
================================================================================
2026-01-30 18:45:27,138 - INFO - 채널 처리 중 [68/68]: channel_id=29
2026-01-30 18:45:27,138 - INFO - ================================================================================
2026-01-30 18:45:27,696 - INFO - [DEBUG] 채널 29 - 카테고리 조회 결과: []
2026-01-30 18:45:27,699 - INFO - [DEBUG] 채널 29 - 카테고리 없음
2026-01-30 18:45:27,699 - INFO - [SKIP] 채널 29 - 카테고리 없음
2026-01-30 18:45:27,699 - INFO - [SUCCESS] 채널 29 처리 완료: {'status': 'skip', 'reason': 'No data'}
2026-01-30 18:45:27,702 - INFO - [COMPLETE] 카테고리 최적화 완료: 2026-01-30 18:45:27.700549
